stock_id,策略排名,K線圖,名稱,產業分類,評級,總分,收盤價,乖離率,cash_dividend,平均殖利率,平均填息天數,price_date,年線(240MA),平均ROA,本業獲利比,殖利率評分,填息能見度評分,ROA評分,評級分數
1442,1,"<a href=""HighYield_V2_Charts/Chart_1442.html"" target=""_blank"">📊 View</a>",名軒,建材營造,Elite,8,29.5,-0.48330596606458676,2.2600000000000002,4.905408982638937,17.75,2026-02-02,57.09375,5.439374441688958,82.47349231215506,2,3,3,3
5508,2,"<a href=""HighYield_V2_Charts/Chart_5508.html"" target=""_blank"">📊 View</a>",永信建,建材營造,Elite,9,59.8,-0.40446155888992175,8.682312,8.671023582501729,24.5,2026-02-02,100.41333333333334,10.496840147575835,100.26741810150095,3,3,3,3
3056,3,"<a href=""HighYield_V2_Charts/Chart_3056.html"" target=""_blank"">📊 View</a>",富華新,建材營造,Elite,8,16.6,-0.39579605083563346,2.482,6.164088851264452,55.0,2026-02-02,27.47416666666667,5.24182967252896,95.37849528915787,3,2,3,3
7770,4,"<a href=""HighYield_V2_Charts/Chart_7770.html"" target=""_blank"">📊 View</a>",君曜,半導體業,Elite,8,54.6,-0.3272927949896045,4.0,4.371584699453552,3.0,2026-02-02,81.16458333333334,17.380960590349996,102.9242011034252,2,3,3,3
2377,5,"<a href=""HighYield_V2_Charts/Chart_2377.html"" target=""_blank"">📊 View</a>",微星,電腦及週邊設備業,Elite,8,90.8,-0.3098621434430253,6.720000000000001,4.749223808742408,27.75,2026-02-02,131.56791666666666,9.906928138822932,92.32173833453824,2,3,3,3
1446,6,"<a href=""HighYield_V2_Charts/Chart_1446.html"" target=""_blank"">📊 View</a>",宏和,紡織纖維,Elite,8,16.65,-0.29988699377151723,1.35,4.9950552066842215,0.0,2026-02-02,23.781875,5.676250164669779,26.550548332262515,2,3,3,3
6546,7,"<a href=""HighYield_V2_Charts/Chart_6546.html"" target=""_blank"">📊 View</a>",正基,通信網路業,Elite,8,60.7,-0.2794396961063627,4.591391624,4.197595305002286,12.5,2026-02-02,84.24,8.23770946276693,60.22665780261096,2,3,3,3
3158,8,"<a href=""HighYield_V2_Charts/Chart_3158.html"" target=""_blank"">📊 View</a>",嘉實,資訊服務業,Elite,8,89.1,-0.24648507699355166,4.779999999999999,5.58010394153078,35.4,2026-02-02,118.24583333333334,16.02089350827734,96.53811521704671,3,2,3,3
7757,9,"<a href=""HighYield_V2_Charts/Chart_7757.html"" target=""_blank"">📊 View</a>",金色三麥,觀光餐旅,Elite,9,110.5,-0.23475350233007752,9.0,5.7324840764331215,1.0,2026-02-02,144.39791666666667,12.581136151688183,99.10570338643934,3,3,3,3
7805,10,"<a href=""HighYield_V2_Charts/Chart_7805.html"" target=""_blank"">📊 View</a>",威聯通,數位雲端類,Elite,9,555.0,-0.20647686451128627,40.0,5.47945205479452,30.0,2026-02-02,699.4125,12.012712512503164,85.68008071112918,3,3,3,3
1475,11,"<a href=""HighYield_V2_Charts/Chart_1475.html"" target=""_blank"">📊 View</a>",業旺,紡織纖維,Elite,8,31.9,-0.2052691403391309,2.033333333333333,4.041442231751213,2.0,2026-02-02,40.139375,8.401935453543196,90.65637614195563,2,3,3,3
7705,12,"<a href=""HighYield_V2_Charts/Chart_7705.html"" target=""_blank"">📊 View</a>",三商餐飲,觀光餐旅,Elite,9,39.7,-0.20052694068141477,3.5,5.292422086945014,13.0,2026-02-02,49.65770833333333,5.453271135353807,115.99953761183679,3,3,3,3
2387,13,"<a href=""HighYield_V2_Charts/Chart_2387.html"" target=""_blank"">📊 View</a>",精元,電腦及週邊設備業,Elite,8,37.7,-0.19812115035228425,3.1,6.305118774633748,29.25,2026-02-02,47.014583333333334,4.440522933893198,83.88675318690301,3,3,2,3
5546,14,"<a href=""HighYield_V2_Charts/Chart_5546.html"" target=""_blank"">📊 View</a>",永固-KY,建材營造,Elite,8,22.0,-0.184663017210096,3.777113643333333,6.1099377787580815,20.0,2026-02-02,26.982708333333335,3.547176241654066,142.19142097523496,3,3,2,3
7767,15,"<a href=""HighYield_V2_Charts/Chart_7767.html"" target=""_blank"">📊 View</a>",仁大資訊,資訊服務業,Elite,9,46.95,-0.17042141531937444,3.0,5.1020408163265305,5.0,2026-02-02,56.595,5.4248640525664396,94.70178857038445,3,3,3,3
5603,16,"<a href=""HighYield_V2_Charts/Chart_5603.html"" target=""_blank"">📊 View</a>",陸海,航運業,Elite,8,17.6,-0.1558668651765104,1.64,5.110968760290523,41.0,2026-02-02,20.849791666666665,6.721974971253286,-112.19290060601432,3,2,3,3
9943,17,"<a href=""HighYield_V2_Charts/Chart_9943.html"" target=""_blank"">📊 View</a>",好樂迪,觀光餐旅,Elite,8,59.2,-0.1515889792554905,3.56,4.60447330417289,10.0,2026-02-02,69.77749999999999,10.09484532532544,55.710441385021504,2,3,3,3
6143,18,"<a href=""HighYield_V2_Charts/Chart_6143.html"" target=""_blank"">📊 View</a>",振曜,通信網路業,Elite,8,104.5,-0.15060791817658414,3.7,4.374151924782097,14.6,2026-02-02,123.02916666666667,6.364288655994344,84.0281387231229,2,3,3,3
8163,19,"<a href=""HighYield_V2_Charts/Chart_8163.html"" target=""_blank"">📊 View</a>",達方,電腦及週邊設備業,Elite,8,30.6,-0.14840819355624235,2.9,6.240495675489027,30.0,2026-02-02,35.93270833333334,4.193314512294542,71.37533186595778,3,3,2,3
3147,20,"<a href=""HighYield_V2_Charts/Chart_3147.html"" target=""_blank"">📊 View</a>",大綜,資訊服務業,Elite,8,164.0,-0.14148299215861626,4.12,4.831928777596358,21.0,2026-02-02,191.02708333333334,8.596329627637324,92.4263630713598,2,3,3,3
4565,21,"<a href=""HighYield_V2_Charts/Chart_4565.html"" target=""_blank"">📊 View</a>",宏偉,電機機械,Elite,9,97.2,-0.13771180175651293,4.1,5.066701703964264,25.4,2026-02-02,112.72333333333333,10.898595696179617,97.71042350932419,3,3,3,3
8433,22,"<a href=""HighYield_V2_Charts/Chart_8433.html"" target=""_blank"">📊 View</a>",弘帆,居家生活類,Elite,8,54.8,-0.1273480058123719,4.381204352,5.655009679544998,33.0,2026-02-02,62.79708333333333,8.711571825583848,125.9756607125873,3,2,3,3
6212,23,"<a href=""HighYield_V2_Charts/Chart_6212.html"" target=""_blank"">📊 View</a>",理銘,建材營造,Elite,9,37.75,-0.11443442562861954,3.3333333333333335,5.631875589287087,14.0,2026-02-02,42.628125,5.7971940088132925,100.49187161915047,3,3,3,3
9938,24,"<a href=""HighYield_V2_Charts/Chart_9938.html"" target=""_blank"">📊 View</a>",百和,其他,Elite,8,50.1,-0.11201045736187927,2.6,4.171262769207213,21.4,2026-02-02,56.41958333333333,5.280260693670619,124.29073599355108,2,3,3,3
3227,25,"<a href=""HighYield_V2_Charts/Chart_3227.html"" target=""_blank"">📊 View</a>",原相,半導體業,Elite,9,195.0,-0.11160888011465561,7.599863996000001,5.155162933113295,28.4,2026-02-02,219.49791666666667,11.992966964581903,80.58844666355269,3,3,3,3
6508,26,"<a href=""HighYield_V2_Charts/Chart_6508.html"" target=""_blank"">📊 View</a>",惠光,農業科技業,Elite,8,23.4,-0.10572536405544627,1.852899456,5.118554261136462,39.0,2026-02-02,26.16645833333333,5.71161529225291,98.73278921486124,3,2,3,3
5015,27,"<a href=""HighYield_V2_Charts/Chart_5015.html"" target=""_blank"">📊 View</a>",華祺,鋼鐵工業,Elite,8,28.9,-0.10278632965099738,3.2600000000000002,7.394259877348295,51.5,2026-02-02,32.21083333333333,8.521781991034471,81.81001165351945,3,2,3,3
6195,28,"<a href=""HighYield_V2_Charts/Chart_6195.html"" target=""_blank"">📊 View</a>",詩肯,居家生活類,Elite,9,25.2,-0.1007360047580106,3.04765063,6.584951823768982,25.0,2026-02-02,28.022916666666667,5.891490365437532,98.48557925072112,3,3,3,3
7575,29,"<a href=""HighYield_V2_Charts/Chart_7575.html"" target=""_blank"">📊 View</a>",安美得,生技醫療業,Elite,8,28.0,-0.08717976581814235,2.0,4.24578185838581,11.0,2026-02-02,30.674166666666668,6.494422038809069,119.45830699985633,2,3,3,3
6637,30,"<a href=""HighYield_V2_Charts/Chart_6637.html"" target=""_blank"">📊 View</a>",醫影,生技醫療業,Elite,8,76.3,-0.08497189256714562,2.714812732,4.07209857919918,25.0,2026-02-02,83.38541666666667,13.157832063098112,107.64262013740432,2,3,3,3
7718,31,"<a href=""HighYield_V2_Charts/Chart_7718.html"" target=""_blank"">📊 View</a>",友鋮,鋼鐵工業,Elite,8,44.25,-0.08488903633300728,3.25,6.2554449112824075,40.0,2026-02-02,48.354791666666664,9.315288631413082,92.90453757271543,3,2,3,3
4440,32,"<a href=""HighYield_V2_Charts/Chart_4440.html"" target=""_blank"">📊 View</a>",宜新實業,紡織纖維,Elite,9,17.2,-0.08189137493883729,1.9600000000000002,5.4223634195116155,6.0,2026-02-02,18.734166666666667,7.011024943543486,89.86000114135972,3,3,3,3
5220,33,"<a href=""HighYield_V2_Charts/Chart_5220.html"" target=""_blank"">📊 View</a>",萬達光電,光電業,Elite,9,17.9,-0.0816490129223272,1.6800000000000002,5.342832349878515,13.0,2026-02-02,19.491458333333334,7.190552219943835,62.216502278372104,3,3,3,3
4570,34,"<a href=""HighYield_V2_Charts/Chart_4570.html"" target=""_blank"">📊 View</a>",傑生,電機機械,Elite,8,67.1,-0.07919263537080463,3.75,4.655090952043468,1.0,2026-02-02,72.87083333333334,6.888691352715563,92.459000400003,2,3,3,3
2063,35,"<a href=""HighYield_V2_Charts/Chart_2063.html"" target=""_blank"">📊 View</a>",世鎧,鋼鐵工業,Elite,8,26.85,-0.07589055240061945,1.8125,4.256660281748031,29.2,2026-02-02,29.055,7.891091411766655,95.77164172992853,2,3,3,3
5225,36,"<a href=""HighYield_V2_Charts/Chart_5225.html"" target=""_blank"">📊 View</a>",東科-KY,電子工業,Elite,9,96.5,-0.07183276959330566,5.152929745,5.634680918594168,4.333333333333333,2026-02-02,103.96833333333333,5.557900323312836,56.490184924801305,3,3,3,3
9962,37,"<a href=""HighYield_V2_Charts/Chart_9962.html"" target=""_blank"">📊 View</a>",有益,鋼鐵工業,Elite,9,11.4,-0.06544609919387884,1.125,6.30870565628658,25.0,2026-02-02,12.198333333333332,5.369573824962273,-21.91867754699564,3,3,3,3
8016,38,"<a href=""HighYield_V2_Charts/Chart_8016.html"" target=""_blank"">📊 View</a>",矽創,電子工業,Elite,8,189.0,-0.06146222364759313,17.1,8.046206938908472,37.5,2026-02-02,201.37708333333333,17.177205724018357,91.75419293819681,3,2,3,3
8481,39,"<a href=""HighYield_V2_Charts/Chart_8481.html"" target=""_blank"">📊 View</a>",政伸,其他,Elite,9,42.15,-0.059575991112639885,4.37,6.685788692273188,7.0,2026-02-02,44.82020833333333,15.560219451586727,83.71706515301175,3,3,3,3
5299,40,"<a href=""HighYield_V2_Charts/Chart_5299.html"" target=""_blank"">📊 View</a>",杰力,半導體業,Elite,8,72.6,-0.0561980337459037,6.947840638,5.190743380797278,47.333333333333336,2026-02-02,76.92291666666667,15.59991507633672,86.21885977282548,3,2,3,3
1713,41,"<a href=""HighYield_V2_Charts/Chart_1713.html"" target=""_blank"">📊 View</a>",國化,化學生技醫療,Elite,9,48.1,-0.04859625916356585,2.282,5.045211832276516,18.25,2026-02-02,50.556875000000005,12.358158852377139,3.786738670264138,3,3,3,3
3541,42,"<a href=""HighYield_V2_Charts/Chart_3541.html"" target=""_blank"">📊 View</a>",西柏,其他電子類,Elite,9,26.05,-0.03733928708907529,3.282678496666667,5.595643745543114,10.0,2026-02-02,27.060416666666665,5.2438761098649636,63.89803264476948,3,3,3,3
3580,43,"<a href=""HighYield_V2_Charts/Chart_3580.html"" target=""_blank"">📊 View</a>",友威科,其他電子類,Elite,8,64.7,-0.036114663124309394,2.584,4.237505770378698,22.0,2026-02-02,67.12416666666667,8.107541631712653,85.74212810509209,2,3,3,3
6792,44,"<a href=""HighYield_V2_Charts/Chart_6792.html"" target=""_blank"">📊 View</a>",詠業,電子工業,Elite,8,54.4,-0.03156895323997152,3.8899999999999997,4.548412604650549,19.0,2026-02-02,56.17333333333333,9.520587451499368,82.77086070129117,2,3,3,3
9951,45,"<a href=""HighYield_V2_Charts/Chart_9951.html"" target=""_blank"">📊 View</a>",皇田,電機機械,Elite,8,54.9,-0.030902130382497978,3.4033405,4.670648428243423,13.333333333333334,2026-02-02,56.650625,8.001248954308624,91.38112137736445,2,3,3,3
6924,46,"<a href=""HighYield_V2_Charts/Chart_6924.html"" target=""_blank"">📊 View</a>",榮惠-KY創,電子零組件業,Elite,9,61.3,-0.028346498296040065,5.5,7.452574525745257,7.0,2026-02-02,63.08833333333334,11.88572818632533,93.32658603637223,3,3,3,3
6846,47,"<a href=""HighYield_V2_Charts/Chart_6846.html"" target=""_blank"">📊 View</a>",綠茵,食品工業,Elite,8,74.2,-0.01360393494926229,3.6648714833333336,4.006651165215476,21.5,2026-02-02,75.22333333333334,13.19569951678526,97.07686034133685,2,3,3,3
6899,48,"<a href=""HighYield_V2_Charts/Chart_6899.html"" target=""_blank"">📊 View</a>",創為精密,光電業,Elite,8,51.6,-0.006546014632268066,3.0372711100000003,4.721151310909243,14.0,2026-02-02,51.940000000000005,8.372570579145222,98.96171141500906,2,3,3,3
1436,49,"<a href=""HighYield_V2_Charts/Chart_1436.html"" target=""_blank"">📊 View</a>",華友聯,建材營造,Superior,7,59.8,-0.3535571920816161,5.343303756,6.120860653730524,118.5,2026-02-02,92.50625,5.210027999159445,115.47483669783776,3,1,3,2
2520,50,"<a href=""HighYield_V2_Charts/Chart_2520.html"" target=""_blank"">📊 View</a>",冠德,建材營造,Superior,6,31.8,-0.2688814806299574,2.3106327159999998,5.71086323134669,406.0,2026-02-02,43.495,5.350601016489698,114.47392622635331,3,0,3,2
1565,51,,精華,生技醫療業,Superior,6,111.0,-0.268141921127457,11.4,5.030884031000374,151.66666666666666,2026-02-02,151.66875,11.039577242454998,96.66471438146608,3,0,3,2
6538,52,,倉和,電子零組件業,Superior,7,64.0,-0.2611050712437102,5.361918806,4.645321883616053,38.25,2026-02-02,86.61583333333333,8.740698458871714,100.19680634550235,2,2,3,2
3592,53,,瑞鼎,電子工業,Superior,7,223.0,-0.26035973161782483,26.78,7.440103310801151,84.0,2026-02-02,301.49791666666664,11.391268345656798,95.93709855536564,3,1,3,2
7782,54,,光速火箭,居家生活類,Superior,6,27.45,-0.25688213099313617,2.58126179,5.2678812040816325,,2026-02-02,36.93895833333333,8.44215488605026,132.99310483979846,3,0,3,2
4557,55,,永新-KY,汽車工業,Superior,7,68.2,-0.2530734057990854,5.5,5.531882371215119,79.25,2026-02-02,91.30749999999999,8.341555656871916,84.48030502629373,3,1,3,2
2938,56,,床的世界,居家生活,Superior,6,23.35,-0.2515126016748808,2.65,6.048986987521721,223.0,2026-02-02,31.196250000000003,5.568860121301373,112.217997954308,3,0,3,2
6412,57,,群電,電子零組件業,Superior,6,80.8,-0.22963857527629244,5.42,5.401916691067315,177.0,2026-02-02,104.88583333333332,8.720307274511484,97.92493853137134,3,0,3,2
6180,58,,橘子,文化創意業,Superior,7,50.9,-0.217118797223771,4.816,6.910046385804698,90.25,2026-02-02,65.01625,10.413368125688708,-205.21664972109605,3,1,3,2
3078,59,,僑威,電子零組件業,Superior,6,61.8,-0.21624992073724922,3.5100000000000002,6.024292043491667,226.75,2026-02-02,78.85166666666666,10.186854197857897,83.53055585062573,3,0,3,2
4961,60,,天鈺,電子工業,Superior,7,143.0,-0.21560560869416162,10.302058968,5.838465408020215,62.0,2026-02-02,182.30625,11.35699009388217,91.62165359451245,3,1,3,2
6807,61,,峰源-KY,居家生活,Superior,7,45.5,-0.209285822900299,2.84,6.26128458258583,110.33333333333333,2026-02-02,57.54291666666666,8.377424870192986,77.52953425943876,3,1,3,2
8359,62,,錢櫃,觀光餐旅,Superior,7,61.4,-0.20818467093668047,4.66,5.045190347230723,76.5,2026-02-02,77.54333333333332,6.886208406569007,89.25902827239364,3,1,3,2
5312,63,,寶島科,生技醫療業,Superior,6,97.3,-0.2014253422291832,5.220000000000001,5.690382613377076,167.0,2026-02-02,121.84208333333332,6.604051721174617,50.107064870652096,3,0,3,2
2357,64,,華碩,電腦及週邊設備業,Superior,7,499.5,-0.19985315957216035,26.8,6.740016444055852,100.2,2026-02-02,624.2604166666666,5.841231287660164,69.09086578517265,3,1,3,2
4995,65,,晶達,光電業,Superior,6,40.5,-0.19977936303425223,2.858677696,5.668613592137843,197.5,2026-02-02,50.611041666666665,8.311708849957125,100.67277701656968,3,0,3,2
3034,66,,聯詠,半導體業,Superior,7,368.5,-0.1987388562731028,32.82,7.871444685405805,86.33333333333333,2026-02-02,459.9,21.73836493490012,96.54592432531354,3,1,3,2
6189,67,,豐藝,電子工業,Superior,7,48.2,-0.19867831797258956,3.447037262,6.354587484734149,116.0,2026-02-02,60.150625,5.85135867311969,116.84273035453913,3,1,3,2
6206,68,,飛捷,電子工業,Superior,7,90.2,-0.19491840590274154,4.5,5.081602026464673,74.25,2026-02-02,112.03833333333333,12.332908479241617,97.25973909435473,3,1,3,2
8482,69,,商億-KY,居家生活,Superior,6,48.8,-0.19238168791675575,4.71,6.474448181998933,521.0,2026-02-02,60.42458333333333,14.125923395629819,91.28399285509857,3,0,3,2
6754,70,,匯僑設計,居家生活,Superior,6,44.3,-0.1880653549350309,2.92,5.194054176357548,178.75,2026-02-02,54.561041666666675,5.9217402566649735,91.46210594003676,3,0,3,2
4138,71,,曜亞,生技醫療業,Superior,7,59.9,-0.18676283411115827,4.25,5.045068979067707,79.0,2026-02-02,73.65625,7.090191657198399,91.27955312324981,3,1,3,2
6817,72,,溫士頓,生技醫療業,Superior,7,83.4,-0.1837034318223527,5.12,5.471093529985957,65.0,2026-02-02,102.16875,10.273590511484404,73.34354675664306,3,1,3,2
2609,73,,陽明,航運業,Superior,6,52.3,-0.174161627991131,12.375,15.642772730595821,196.0,2026-02-02,63.329583333333325,14.154978133226072,57.268711462454604,3,0,3,2
2393,74,,億光,電子工業,Superior,6,56.4,-0.1708676610211019,3.232,5.542662466099966,121.0,2026-02-02,68.02291666666666,5.307732093322729,83.76464484855035,3,0,3,2
6176,75,,瑞儀,光電業,Superior,6,119.5,-0.16945397680378782,9.321837676,6.931243110252574,231.25,2026-02-02,143.88125,9.030539048935921,85.15367068174523,3,0,3,2
6245,76,,立端,通信網路業,Superior,6,67.6,-0.16800426664478665,3.71566019,4.6241689400392,82.0,2026-02-02,81.25041666666668,9.327696318307302,90.1034711614875,2,1,3,2
3512,77,,皇龍,建材營造,Superior,7,20.3,-0.16754946519495598,2.4811166879999997,7.330789060580078,44.75,2026-02-02,24.38583333333333,3.396095481468997,80.3588318268529,3,2,2,2
9939,78,,宏全,其他,Superior,7,117.0,-0.1664564007421151,4.849997501999999,4.415068636552315,19.75,2026-02-02,140.36458333333334,4.885072114647822,103.46225661800153,2,3,2,2
2385,79,,群光,電子零組件業,Superior,6,116.0,-0.16630481980026046,7.38,6.017998335466066,292.0,2026-02-02,139.13958333333332,9.010969462970582,86.00661881133242,3,0,3,2
5465,80,,富驊,電腦及週邊設備業,Superior,7,29.2,-0.16620066865756872,1.42,5.016310798426599,119.6,2026-02-02,35.02041666666666,5.069382214392562,88.84520379051338,3,1,3,2
4438,81,,廣越,紡織纖維,Superior,7,67.2,-0.16546360545801708,4.524700040000001,4.092042833645953,36.0,2026-02-02,80.52375,5.149227218621102,87.17742836947478,2,2,3,2
6771,82,,平和環保-創,綠能環保,Superior,6,44.3,-0.1635229279844537,3.7399999999999998,5.372452309570068,456.25,2026-02-02,52.96020833333333,9.871972423067177,105.43832827079781,3,0,3,2
6294,83,,智基,文化創意業,Superior,6,44.5,-0.16111270387985374,7.7,6.500664150815713,174.0,2026-02-02,53.046458333333334,13.765322309990859,96.23109655330244,3,0,3,2
3032,84,,偉訓,電子零組件業,Superior,6,71.8,-0.1585403370331125,2.66870736,5.039606727561686,130.6,2026-02-02,85.32791666666667,5.362072602725289,68.97100532651778,3,0,3,2
6150,85,,撼訊,電腦及週邊設備業,Superior,6,59.8,-0.15338422151697137,5.75,8.061534519364521,3.0,2026-02-02,70.63416666666667,,18.231999210383457,3,3,0,2
6703,86,,軒郁,生技醫療業,Superior,6,103.5,-0.15305670155818474,6.70940868,4.248481506275124,98.0,2026-02-02,122.20416666666667,15.65686485510092,100.24182337290661,2,1,3,2
3546,87,,宇峻,文化創意業,Superior,6,74.2,-0.1516121655613994,4.65611552,5.385157493944126,148.5,2026-02-02,87.46,13.156627350151533,113.72720001733751,3,0,3,2
3312,88,,弘憶股,電子通路業,Superior,7,38.45,-0.14763910441143863,1.65,5.989187252948317,33.75,2026-02-02,45.11,4.07867126852339,136.30860457839395,3,2,2,2
4536,89,,拓凱,運動休閒,Superior,6,156.5,-0.14703244047281105,8.3,4.7241921137559135,69.8,2026-02-02,183.47708333333333,9.999351405904035,92.15991169770196,2,1,3,2
8435,90,,鉅邁,其他,Superior,6,53.2,-0.14651265391248547,3.9200000000000004,5.736131798051317,385.3333333333333,2026-02-02,62.3325,12.442357440486074,94.42521485872548,3,0,3,2
4974,91,,亞泰,電子零組件業,Superior,7,72.8,-0.14467822630388608,4.65,6.679736111968063,89.2,2026-02-02,85.11416666666668,10.657845119877589,88.46882584196851,3,1,3,2
6263,92,,普萊德,通信網路業,Superior,7,122.0,-0.14443502907401454,6.08,5.138619912997649,60.5,2026-02-02,142.59583333333333,19.831686733955216,95.87278057411145,3,1,3,2
3168,93,,眾福科,電子工業,Superior,7,39.3,-0.14217503012664565,3.2186652179999995,5.961355064812345,62.0,2026-02-02,45.813541666666666,8.597633064371138,101.86640641447761,3,1,3,2
8426,94,,紅木-KY,其他,Superior,6,27.5,-0.13940919137062122,2.5,6.371916508538899,1.0,2026-02-02,31.954791666666665,2.27783132132591,-66.88967850067286,3,3,0,2
2615,95,,萬海,航運業,Superior,7,73.5,-0.13902500927354022,4.3,4.473625662773796,57.333333333333336,2026-02-02,85.36833333333334,14.29884490659056,72.80626911422725,2,2,3,2
6281,96,,全國電,電子工業,Superior,6,60.4,-0.13873210147941295,4.7,5.496284258082632,210.66666666666666,2026-02-02,70.12916666666666,5.872564321332238,99.35790138464021,3,0,3,2
1102,97,,亞泥,水泥工業,Superior,6,34.6,-0.13738566776259417,2.692416998,5.940910352059338,93.75,2026-02-02,40.110625000000006,4.999833831366555,69.32112225914057,3,1,2,2
3596,98,,智易,電子工業,Superior,6,177.5,-0.13638436977345295,5.8442274339999996,4.1426867557933145,85.0,2026-02-02,205.53125,5.42170655758607,94.97017512669814,2,1,3,2
5244,99,,弘凱,電子工業,Superior,6,37.5,-0.1340325218897335,1.83998089,4.529579081775006,117.4,2026-02-02,43.30416666666667,9.184199692024956,90.41453803538546,2,1,3,2
2376,100,,技嘉,電腦及週邊設備業,Superior,7,227.5,-0.13327142414934395,7.711588653999999,4.9180690311053015,35.2,2026-02-02,262.48125,9.264329020871502,81.49214517416752,2,2,3,2
1540,101,,喬福,電機機械,Superior,7,24.0,-0.1325954370905805,1.1,4.0781420121126954,11.0,2026-02-02,27.66875,4.8371391675963835,56.193468958564665,2,3,2,2
3479,102,,安勤,電腦及週邊設備業,Superior,6,88.6,-0.12928468181464542,4.258756978,4.797192018331182,87.2,2026-02-02,101.75541666666666,8.880408012350017,92.50947289040144,2,1,3,2
8442,103,,威宏-KY,其他,Superior,7,69.1,-0.12884976020255415,4.403250865,4.783566615474637,21.5,2026-02-02,79.32041666666667,4.739269443490457,89.25000308322964,2,3,2,2
3646,104,,艾恩特,電子零組件業,Superior,7,24.65,-0.12834000044201824,1.5640214799999999,5.400991303244429,105.5,2026-02-02,28.279374999999998,6.957267368239541,84.95348702060758,3,1,3,2
6292,105,,迅德,電子零組件業,Superior,6,40.7,-0.12779873652253493,3.34,6.429536643560328,173.33333333333334,2026-02-02,46.66354166666667,8.548234933116477,71.23544406693466,3,0,3,2
1457,106,,宜進,紡織纖維,Superior,6,15.05,-0.12575183647783517,0.9199999999999999,4.795446590200383,54.6,2026-02-02,17.214791666666667,3.9376482979707084,104.16223600190376,2,2,2,2
6582,107,,申豐,橡膠工業,Superior,7,32.7,-0.1257220201525085,6.875,6.56975954239035,88.0,2026-02-02,37.40229166666667,14.111122541376137,49.55292872489535,3,1,3,2
6278,108,,台表科,光電業,Superior,7,91.4,-0.12405611216042993,5.36,5.198443669357186,63.0,2026-02-02,104.34458333333333,5.539660097155183,96.97752224586404,3,1,3,2
5009,109,,榮剛,鋼鐵工業,Superior,7,33.6,-0.11984282907662072,1.8538859859999999,4.66519173715181,20.0,2026-02-02,38.175,4.311797409878873,92.54659111173592,2,3,2,2
6462,110,,神盾,半導體業,Superior,6,107.0,-0.11945329296351286,9.266012986666667,7.765745661492083,383.3333333333333,2026-02-02,121.51541666666667,7.663320155684091,37.951557077769316,3,0,3,2
3088,111,,艾訊,電腦及週邊設備業,Superior,6,81.4,-0.11636995223621348,3.3443098919999996,4.349171553130789,74.5,2026-02-02,92.11999999999999,9.20935959334853,94.9622509054982,2,1,3,2
1582,112,,信錦,電子零組件業,Superior,6,66.0,-0.11629827164901885,3.9060285300000004,5.080876115392033,232.25,2026-02-02,74.68583333333335,6.411858949204533,85.20467935003315,3,0,3,2
3515,113,,華擎,電腦及週邊設備業,Superior,6,218.5,-0.11334297090973651,8.240279904000001,4.9354255857543565,70.8,2026-02-02,246.43125,9.714176700582488,94.1336179415612,2,1,3,2
3014,114,,聯陽,電子工業,Superior,6,117.0,-0.10978664045905594,7.0,6.040964729962267,221.5,2026-02-02,131.42916666666667,17.057353449030163,95.07253025445858,3,0,3,2
2480,115,,敦陽科,電子工業,Superior,7,139.5,-0.10897017924390212,6.048399999999999,5.46409131482213,70.6,2026-02-02,156.56041666666667,10.585421125888924,92.02507115109643,3,1,3,2
3005,116,,神基,電腦及週邊設備業,Superior,6,111.0,-0.10803969625135597,4.388115174,5.365102573062968,336.2,2026-02-02,124.445,9.717593122310094,86.59704445666176,3,0,3,2
2379,117,,瑞昱,電子工業,Superior,6,475.0,-0.10751332858384281,20.7,4.6477636379597165,63.2,2026-02-02,532.2208333333333,11.567033546503813,86.11121554054745,2,1,3,2
6216,118,,居易,通信網路業,Superior,6,27.45,-0.10734126446437767,1.62403803,5.056774843963428,129.75,2026-02-02,30.750833333333333,8.068466037297473,99.50967607221384,3,0,3,2
3570,119,,大塚,資訊服務業,Superior,7,171.5,-0.1064508775928881,7.140000000000001,5.507558693256859,88.5,2026-02-02,191.93125,14.86010422330208,98.8706345578987,3,1,3,2
1599,120,,宏佳騰,電機機械,Superior,6,26.15,-0.10537757029328967,1.7620053425,4.1306495442784605,72.0,2026-02-02,29.230208333333334,6.008271189435205,47.129689281484204,2,1,3,2
6227,121,,茂綸,電子通路業,Superior,7,83.0,-0.10282798347978424,3.09,5.910404204049262,84.4,2026-02-02,92.51291666666665,5.017988105921805,110.07075499011131,3,1,3,2
4935,122,,茂林-KY,光電業,Superior,7,39.45,-0.10260602527830297,3.6399999999999997,5.917183773249394,92.0,2026-02-02,43.960625,5.191845956551784,77.52719988530923,3,1,3,2
3679,123,,新至陞,電子零組件業,Superior,6,113.5,-0.101212571145756,9.1,7.75343335551244,331.25,2026-02-02,126.28125,6.37766345405823,87.47540743267969,3,0,3,2
3528,124,,安馳,電子通路業,Superior,6,67.0,-0.10100298547516004,3.0599999999999996,5.439888781134199,138.4,2026-02-02,74.52749999999999,5.134165183989916,300.54665669521546,3,0,3,2
6203,125,,海韻電,電子零組件業,Superior,6,64.4,-0.09863360412426427,4.686056362,5.988495738979994,215.0,2026-02-02,71.44708333333332,12.262957470675707,92.45219470848461,3,0,3,2
3213,126,,茂訊,電腦及週邊設備業,Superior,7,97.5,-0.0984986535268351,4.640000000000001,6.310187721581984,75.4,2026-02-02,108.15291666666667,17.6790155051422,84.83542290484928,3,1,3,2
5236,127,,凌陽創新,半導體業,Superior,7,117.0,-0.09839618552232345,7.48408948,5.5243672572822575,96.75,2026-02-02,129.76875,15.33638229664876,94.17363427387342,3,1,3,2
8329,128,,台視,文化創意業,Superior,7,10.15,-0.09743012123188188,0.5,4.0791984732824424,1.0,2026-02-02,11.245666666666667,3.129063354022985,24.995067331728244,2,3,2,2
1537,129,,廣隆,電機機械,Superior,6,122.5,-0.09616330545991145,8.9,6.10293885941156,441.75,2026-02-02,135.53333333333333,14.21160100127537,92.40663077957517,3,0,3,2
2504,130,,國產,建材營造,Superior,7,35.15,-0.09557274496244947,2.04,6.170438648290071,97.0,2026-02-02,38.864374999999995,7.204097717263696,77.60825520553955,3,1,3,2
4126,131,,太醫,生技醫療業,Superior,7,81.1,-0.09189310241863255,4.54,5.4712099181993405,70.25,2026-02-02,89.30666666666667,9.443315505185454,88.39007687661086,3,1,3,2
6732,132,,昇佳電子,半導體業,Superior,6,175.0,-0.09186243878179827,18.0,4.608374592907393,110.5,2026-02-02,192.70208333333332,20.421287646628937,87.41945036319729,2,1,3,2
2636,133,,台驊控股,航運業,Superior,7,65.0,-0.09140151316594144,4.8366983,4.886963147949446,38.0,2026-02-02,71.53875,11.08627211894371,76.38713353119617,2,2,3,2
1580,134,,新麥,電機機械,Superior,6,128.0,-0.08940004742708084,7.590505566,5.966523999348598,223.66666666666666,2026-02-02,140.56666666666666,13.836399442153727,94.34546497832844,3,0,3,2
3501,135,,維熹,電子工業,Superior,6,50.3,-0.0841536273115221,3.1,5.526731248368113,186.25,2026-02-02,54.921875,6.327902040603256,84.3274228435232,3,0,3,2
6201,136,,亞弘電,電子工業,Superior,6,53.6,-0.08398251135764843,3.38,6.331225922901553,295.0,2026-02-02,58.51416666666667,9.003183725369968,88.35653516638195,3,0,3,2
2373,137,,震旦行,電子工業,Superior,6,54.2,-0.08389205025635232,4.68,5.816659050309757,,2026-02-02,59.16333333333333,7.25473612372886,70.72662814770828,3,0,3,2
5534,138,,長虹,建材營造,Superior,6,77.5,-0.08307986571556752,5.181915402,6.0734537852911785,216.25,2026-02-02,84.52208333333334,6.9215055071532605,95.56719781056795,3,0,3,2
6532,139,,瑞耘,半導體業,Superior,7,56.3,-0.08207145331893133,2.298547048,4.066459647507223,59.8,2026-02-02,61.33375,11.501806283340139,99.36814935424742,2,2,3,2
1725,140,,元禎,化學生技醫療,Superior,6,27.0,-0.08113128620349819,1.058,4.024605884722019,73.2,2026-02-02,29.383958333333332,7.272225051548981,62.249506916263556,2,1,3,2
4104,141,,佳醫,生技醫療業,Superior,6,78.0,-0.0802293530651651,3.65,4.636672144023412,82.33333333333333,2026-02-02,84.80375,5.140155916425078,64.03456253330194,2,1,3,2
2420,142,,新巨,電子零組件業,Superior,7,49.95,-0.07961965597061034,3.1100000000000003,6.016698069384349,111.5,2026-02-02,54.27104166666666,9.504958806542103,84.12027483741099,3,1,3,2
2031,143,,新光鋼,鋼鐵工業,Superior,7,38.9,-0.07664462785396027,2.387959876,4.979267463982265,33.0,2026-02-02,42.12895833333333,5.684931294780955,45.47875222135169,2,2,3,2
2471,144,,資通,電子工業,Superior,7,50.1,-0.07450382737002526,2.5849731300000003,5.991298694753548,77.5,2026-02-02,54.133125,8.553029029329386,73.01132913159222,3,1,3,2
6670,145,,復盛應用,運動休閒,Superior,7,266.5,-0.07428447371277641,14.511616370000002,5.962503932464011,102.0,2026-02-02,287.8854166666667,16.471022975753733,96.88191027795368,3,1,3,2
2029,146,,盛餘,鋼鐵工業,Superior,6,21.35,-0.0740958249383361,1.316,4.955092010344954,44.25,2026-02-02,23.058541666666663,4.124999459447282,97.275956081613,2,2,2,2
1817,147,,凱撒衛,玻璃陶瓷,Superior,6,38.4,-0.073447577300672,2.1,5.418896534573199,211.0,2026-02-02,41.44395833333333,8.506047925294705,96.16108029796904,3,0,3,2
8930,148,,青鋼,鋼鐵工業,Superior,7,30.0,-0.07282209774000395,1.52,5.215479548314306,101.5,2026-02-02,32.35625,6.091100253683812,103.89880674658184,3,1,3,2
2608,149,,嘉里大榮,航運業,Superior,6,32.4,-0.07256333190210382,1.846,4.331559333379366,65.0,2026-02-02,34.934999999999995,6.313308177214033,97.00766521079186,2,1,3,2
8066,150,,來思達,居家生活類,Superior,6,20.2,-0.07256136054942329,1.5,4.2411503846612595,76.33333333333333,2026-02-02,21.780416666666667,6.491924652159338,103.82908150337214,2,1,3,2
1218,151,,泰山,食品工業,Superior,6,18.1,-0.07235978090265519,1.0799641575,4.100360036459242,103.0,2026-02-02,19.511874999999996,10.572700190874562,24.04737896958882,2,1,3,2
3029,152,,零壹,電子工業,Superior,6,111.0,-0.07205183133915047,3.8404805140000002,5.703068011220753,240.25,2026-02-02,119.61875,8.222822973419808,91.83985026054965,3,0,3,2
3303,153,,岱稜,其他電子類,Superior,7,44.8,-0.07091288512138538,1.6129614060000002,4.883157424515362,53.8,2026-02-02,48.219375,7.321240852113489,115.7478773725821,2,2,3,2
1733,154,,五鼎,化學生技醫療,Superior,6,28.8,-0.06907837142587789,1.18095662,4.08344409559587,76.2,2026-02-02,30.937083333333337,5.229672410548415,103.04903537234148,2,1,3,2
8367,155,,建新國際,航運業,Superior,6,42.95,-0.0683212971917678,2.419976794,5.213971520092866,83.5,2026-02-02,46.099583333333335,3.5397696250148796,105.31255143056215,3,1,2,2
6248,156,,沛波,鋼鐵工業,Superior,6,21.6,-0.06817058374151792,1.6035397539999998,5.875521080069814,345.6666666666667,2026-02-02,23.180208333333333,5.132493225247843,139.3485598100113,3,0,3,2
1341,157,,富林-KY,塑膠工業,Superior,6,57.6,-0.06758397409955479,3.79159675,5.025134759092682,433.25,2026-02-02,61.775,9.976685267900535,99.69856963361914,3,0,3,2
5548,158,,安倉,建材營造,Superior,7,23.1,-0.06461164679978734,1.3001653633333332,4.8661345097909035,0.0,2026-02-02,24.695625,4.813375442420603,81.10318612583511,2,3,2,2
8383,159,,千附,半導體業,Superior,7,40.5,-0.06369656833232998,2.1666666666666665,5.0415008860574675,115.66666666666667,2026-02-02,43.255208333333336,5.196322853589259,76.49364875557794,3,1,3,2
8446,160,,華研,文化創意業,Superior,6,94.0,-0.06290499451699733,5.4,5.315835973629217,289.0,2026-02-02,100.31,15.381217115680936,88.86647873642961,3,0,3,2
4972,161,,湯石照明,光電業,Superior,7,18.15,-0.06229818745425588,1.524,4.880055901793098,6.0,2026-02-02,19.355833333333333,3.531174497054087,-1.3144832575528795,2,3,2,2
6184,162,,大豐電,其他,Superior,6,47.8,-0.06099597289067866,2.9607802120000004,5.768936547683403,191.0,2026-02-02,50.904999999999994,6.1306816963295,100.5699085405123,3,0,3,2
1604,163,,聲寶,電器電纜,Superior,6,24.0,-0.058608178341450726,1.94,6.598956022843035,198.0,2026-02-02,25.49416666666667,7.237919762965617,47.79178295361618,3,0,3,2
6790,164,,永豐實,造紙工業,Superior,6,37.95,-0.057996121525533274,2.9699999999999998,5.962760367711342,243.5,2026-02-02,40.286458333333336,9.182178604526264,101.18992038251524,3,0,3,2
6570,165,,維田,電腦及週邊設備業,Superior,7,40.0,-0.056812320389064856,2.406749232,4.807913855925422,40.4,2026-02-02,42.409375,7.504250033500544,100.16451255616744,2,2,3,2
3413,166,,京鼎,電子工業,Superior,7,280.0,-0.05643157022704617,11.037438406,4.566386377467571,40.0,2026-02-02,296.74583333333334,11.113903802727302,98.84693638507295,2,2,3,2
2020,167,,美亞,鋼鐵工業,Superior,6,23.9,-0.056020011849121316,1.98,6.299452807030771,197.66666666666666,2026-02-02,25.318333333333335,8.01989287642115,53.43606111590467,3,0,3,2
6591,168,,動力-KY,電子工業,Superior,6,65.8,-0.05562947569854534,3.1472584660000003,5.2522591375499825,200.6,2026-02-02,69.67604166666666,6.180030800651672,83.72468442474184,3,0,3,2
1709,169,,和益,化學生技醫療,Superior,6,16.75,-0.05555098732511831,1.1800000000000002,5.192684586577889,145.0,2026-02-02,17.735208333333333,5.745810471021812,92.20605609892006,3,0,3,2
2916,170,,滿心,居家生活類,Superior,7,46.5,-0.0549220691786882,2.8600000000000003,7.068394113273681,110.5,2026-02-02,49.20229166666666,10.349165967460582,84.1916089313163,3,1,3,2
3217,171,,優群,電子零組件業,Superior,7,153.5,-0.05408701680510446,6.352601722,5.153966669880264,112.2,2026-02-02,162.27708333333334,16.76755829663114,90.34840096286918,3,1,3,2
6728,172,,上洋,居家生活類,Superior,7,139.0,-0.053684135876888105,7.236666666,5.3776354167515406,89.2,2026-02-02,146.88541666666666,12.273877726459796,95.06426854455373,3,1,3,2
1109,173,,信大,水泥工業,Superior,6,15.45,-0.053683310577156126,1.1807026,5.873508563751001,323.5,2026-02-02,16.32645833333333,8.788048033640209,93.10108631617005,3,0,3,2
8928,174,,鉅明,運動休閒類,Superior,6,26.15,-0.05352928313439268,1.8199999999999998,5.021686557267905,74.66666666666667,2026-02-02,27.628958333333337,4.850033343895644,311.7142662636041,3,1,2,2
4420,175,,光明,紡織纖維,Superior,6,50.4,-0.05286153894339563,7.75,12.52901943044347,275.0,2026-02-02,53.212916666666665,13.136893791256432,72.34554960889464,3,0,3,2
4575,176,,銓寶,電機機械,Superior,6,20.6,-0.05233800711129849,1.35,5.327914382187791,11.0,2026-02-02,21.737708333333334,1.4961241985985,3.46120904931652,3,3,0,2
8049,177,,晶采,光電業,Superior,7,26.45,-0.052169498611401355,2.29,7.079309876666701,103.66666666666667,2026-02-02,27.90583333333333,14.659427651876978,86.16350453494687,3,1,3,2
1527,178,,鑽全,電機機械,Superior,6,34.05,-0.05206563157925256,2.27,5.312446319665772,143.25,2026-02-02,35.92020833333333,7.604667681095419,83.08996534322668,3,0,3,2
4952,179,,凌通,半導體業,Superior,6,38.95,-0.051801961719090524,3.2399999999999998,5.289685164671807,190.4,2026-02-02,41.07791666666666,10.070871036907745,93.49047618313978,3,0,3,2
6170,180,,統振,通信網路業,Superior,6,48.4,-0.04913926475283022,2.1879999999999997,5.024472919852717,10.5,2026-02-02,50.90125,,15.670839535415922,3,3,0,2
4137,181,,麗豐-KY,化學生技醫療,Superior,7,103.0,-0.04891983917819286,8.92362928,5.217843513373252,82.33333333333333,2026-02-02,108.29791666666667,11.302814885061359,89.86520056823875,3,1,3,2
5353,182,,台林,通信網路業,Superior,6,25.55,-0.04838021338506298,1.134,4.085562608376137,100.25,2026-02-02,26.848958333333332,6.032156758809356,83.77763714857817,2,1,3,2
4581,183,,光隆精密-KY,汽車工業,Superior,6,50.7,-0.04632398180115287,2.56,5.001056010174551,144.5,2026-02-02,53.162708333333335,8.355178975175669,87.55260435655472,3,0,3,2
2488,184,,漢平,電子工業,Superior,7,45.3,-0.046001974333662446,2.2399999999999998,5.467518124508257,112.25,2026-02-02,47.484375,7.772215164805255,77.38619056804403,3,1,3,2
4527,185,,方土霖,電機機械,Superior,6,40.8,-0.04569309560124177,2.2800000000000002,6.157746525271884,174.75,2026-02-02,42.75354166666667,7.000777151496578,89.28082238017876,3,0,3,2
8284,186,,三竹,資訊服務業,Superior,7,62.6,-0.04446324198154289,3.3714079999999997,5.595161474264455,91.75,2026-02-02,65.51291666666665,11.800872218993087,96.34131314254083,3,1,3,2
3373,187,,熱映,其他電子類,Superior,7,19.1,-0.04440275171982486,3.25,7.053265973544612,113.0,2026-02-02,19.9875,5.946112087203094,37.806602428686574,3,1,3,2
8916,188,,光隆,其他,Superior,7,48.95,-0.04269882659713162,3.15970139,6.112752775468057,120.0,2026-02-02,51.13333333333333,6.281372119985391,75.37905887964747,3,1,3,2
6494,189,,九齊,半導體業,Superior,7,37.1,-0.0421274581522441,4.396,5.329518381389695,80.66666666666667,2026-02-02,38.73166666666667,11.850528364378787,78.59572865903073,3,1,3,2
2707,190,,晶華,觀光餐旅,Superior,6,187.0,-0.04093342308555304,10.306435275999998,5.008500128157786,18.5,2026-02-02,194.98125,,46.361447434887936,3,3,0,2
6556,191,,勝品,光電業,Superior,6,68.8,-0.04031245640954128,3.4799999999999995,4.535234247453975,77.2,2026-02-02,71.69000000000001,6.660902181544752,92.81213269683187,2,1,3,2
5410,192,,國眾,資訊服務業,Superior,7,29.85,-0.04021221438475913,1.918020238,6.432217120601878,103.8,2026-02-02,31.100625,6.913442001121138,81.36191898318106,3,1,3,2
1558,193,,伸興,電機機械,Superior,7,95.2,-0.04019357440516196,6.659999999999999,5.307151848147283,77.75,2026-02-02,99.18666666666667,7.608545095423701,84.76214014882349,3,1,3,2
3531,194,,先益,光電業,Superior,6,21.0,-0.04017368285738771,1.34,4.947950603185525,45.0,2026-02-02,21.878958333333333,3.1835249676594533,51.97295648819716,2,2,2,2
4942,195,,嘉彰,電子工業,Superior,6,37.0,-0.03940806767413428,2.46,5.737370628044991,130.25,2026-02-02,38.517916666666665,5.872133305866937,84.98084091608321,3,0,3,2
5519,196,,隆大,建材營造,Superior,7,30.5,-0.03938268526659765,2.22,7.688784882205543,84.5,2026-02-02,31.75041666666667,6.060262546406635,98.41663490848207,3,1,3,2
9930,197,,中聯資源,綠能環保,Superior,6,69.3,-0.03841261765454099,2.8,4.8050274424740795,100.2,2026-02-02,72.06833333333334,7.348142749534277,100.37291885587277,2,1,3,2
8341,198,,日友,綠能環保,Superior,7,76.0,-0.036999493157627995,6.06,4.051499122176041,32.666666666666664,2026-02-02,78.92,10.5085688569877,101.67328116730557,2,2,3,2
3042,199,,晶技,電子零組件業,Superior,7,85.8,-0.03517361908287155,5.599971868,5.627501733885632,99.4,2026-02-02,88.92791666666668,9.700566760267703,87.18239328491003,3,1,3,2
1593,200,,祺驊,運動休閒類,Superior,7,29.25,-0.03468001430103682,2.5327009140000003,4.026089010395227,42.0,2026-02-02,30.300833333333333,8.29086133738924,74.09611473658444,2,2,3,2
9924,201,,福興,居家生活,Superior,6,47.45,-0.03303458845806045,2.8,5.891372035838196,252.0,2026-02-02,49.07104166666667,9.121900768081648,93.5290007662099,3,0,3,2
4506,202,,崇友,電機機械,Superior,6,112.5,-0.03193884721843756,3.62,4.180168954882361,88.4,2026-02-02,116.21166666666666,9.429981589836233,91.61894059980511,2,1,3,2
9911,203,,櫻花,居家生活,Superior,7,83.2,-0.030952450280988995,3.816,5.046374459480291,66.2,2026-02-02,85.85750000000002,12.665518122639012,90.30141141450926,3,1,3,2
2496,204,,卓越,其他,Superior,6,70.2,-0.030777196111142942,3.395603215,5.081193266588717,265.4,2026-02-02,72.42916666666666,6.696850329751051,95.39975508639456,3,0,3,2
4580,205,,捷流閥業,電機機械,Superior,7,81.2,-0.02927419716373531,5.075328874,5.521582026471565,106.5,2026-02-02,83.64875,9.474568258308567,97.51910013200347,3,1,3,2
6151,206,,晉倫,其他電子類,Superior,6,29.5,-0.02899306031763453,1.78,5.603311974679989,403.8,2026-02-02,30.380833333333335,5.902641355424107,101.25900980301778,3,0,3,2
4915,207,,致伸,電子零組件業,Superior,6,76.6,-0.02688453781779503,3.6408877840000002,5.0434786922157695,92.25,2026-02-02,78.71625,4.836862806508175,87.43167178208424,3,1,2,2
8926,208,,台汽電,油電燃氣業,Superior,7,42.85,-0.02643138442896078,1.715523194,4.018098976621378,17.75,2026-02-02,44.01333333333333,4.601818584216998,29.547078965928065,2,3,2,2
3388,209,,崇越電,電子零組件業,Superior,6,62.2,-0.020922148619400522,4.2619838,5.581931839832705,179.5,2026-02-02,63.52916666666667,6.8882465790295715,96.11224000830416,3,0,3,2
2527,210,,宏璟,建材營造,Superior,6,28.0,-0.020229633679606344,1.78,6.356066708787444,117.0,2026-02-02,28.578125,4.983267190930158,74.87364157739528,3,1,2,2
3130,211,,一零四,數位雲端,Superior,7,221.5,-0.01984825716998706,12.024476414,5.626466652397242,71.66666666666667,2026-02-02,225.98541666666668,12.118144160004634,94.35452921853275,3,1,3,2
1731,212,,美吾華,生技醫療業,Superior,6,21.85,-0.017692401352452373,1.124,5.045512437384086,155.33333333333334,2026-02-02,22.243541666666665,6.007051696848058,98.66073666896557,3,0,3,2
2414,213,,精技,電子通路業,Superior,6,40.45,-0.01697609777584253,2.3600000000000003,6.239688971507485,175.2,2026-02-02,41.14854166666667,5.1018370488049,99.36778331161769,3,0,3,2
3093,214,,港建*,其他電子類,Superior,7,25.8,-0.015838452552192153,3.276,5.57607550635895,106.0,2026-02-02,26.215208333333333,12.456959213035205,93.03358813784233,3,1,3,2
6858,215,,愛比科技,電腦及週邊設備業,Superior,6,23.6,-0.015829438237389273,5.0,7.462686567164178,,2026-02-02,23.97958333333333,7.076535567306948,45.207667583601996,3,0,3,2
2423,216,,固緯,電子工業,Superior,6,48.35,-0.015675895765472233,1.752,4.856861307481624,112.0,2026-02-02,49.12,9.290520580116315,90.99510973353419,2,1,3,2
1788,217,,杏昌,生技醫療業,Superior,6,136.5,-0.0149738408803896,6.9541558,4.734157007750854,72.5,2026-02-02,138.575,7.349328517563917,95.53576996237405,2,1,3,2
4532,218,,瑞智,電機機械,Superior,7,25.35,-0.014720886168197061,0.960065938,4.493437297552475,28.0,2026-02-02,25.72875,3.1353321316954905,87.46526132670704,2,3,2,2
3567,219,,逸昌,半導體業,Superior,7,27.05,-0.014205343517245991,2.24,6.635085744369019,118.75,2026-02-02,27.439791666666665,11.606956292467261,95.75250518599205,3,1,3,2
6641,220,,基士德-KY,綠能環保,Superior,7,22.2,-0.014018043025676646,2.9,5.396035898351583,97.0,2026-02-02,22.515625,7.138415702954986,27.388877374998486,3,1,3,2
6671,221,,三能-KY,居家生活,Superior,6,37.25,-0.01394158651725043,2.62,5.724314712685155,437.5,2026-02-02,37.776666666666664,7.728090315133478,92.30694693022132,3,0,3,2
3611,222,,鼎翰,電腦及週邊設備業,Superior,6,193.0,-0.013744131330444678,11.390245586,5.175742403913382,166.5,2026-02-02,195.68958333333333,9.911929679055413,97.52263433812409,3,0,3,2
1730,223,,花仙子,化學生技醫療,Superior,6,53.1,-0.013347372332848169,3.132,5.173170475845962,285.0,2026-02-02,53.818333333333335,11.490103859830985,87.13513260102873,3,0,3,2
3040,224,,遠見,其他,Superior,6,55.4,-0.012338342457714674,2.34,5.618349525514712,329.2,2026-02-02,56.092083333333335,7.644798097299455,47.5198973442543,3,0,3,2
6957,225,,裕慶-KY,其他,Superior,7,182.0,-0.011719987329743418,13.16217709,7.332689186629526,68.0,2026-02-02,184.15833333333333,16.988079210772515,93.82275203422769,3,1,3,2
1445,226,,大宇,紡織纖維,Superior,7,14.5,-0.011181041953769878,1.0333333333333334,4.697424975883903,59.0,2026-02-02,14.663958333333333,5.16894224597135,-0.8961416858334051,2,2,3,2
5609,227,,中菲行,航運業,Superior,6,78.0,-0.011041259443182466,7.462203912,7.571227635802954,327.6666666666667,2026-02-02,78.87083333333334,14.37429230021759,93.52594537649287,3,0,3,2
6146,228,,耕興,其他電子類,Superior,6,173.5,-0.010444515738067294,9.379999999999999,4.272423529333421,118.0,2026-02-02,175.33125,16.88564477421869,97.08583154174231,2,1,3,2
2643,229,,捷迅,航運業,Superior,6,72.0,-0.009759144541927566,5.1,6.306487421726092,180.25,2026-02-02,72.70958333333333,11.237509836879951,101.33325343963276,3,0,3,2
1612,230,,宏泰,電器電纜,Superior,6,35.25,-0.006453355568735128,1.92,6.872546801915563,151.6,2026-02-02,35.47895833333334,11.34568736317377,66.457333077271,3,0,3,2
5493,231,,三聯,其他電子類,Superior,6,81.4,-0.006342602247122388,2.62,4.307358436349151,76.75,2026-02-02,81.91958333333334,8.558550214634744,65.05310293325549,2,1,3,2
6177,232,,達麗,建材營造,Superior,6,47.5,-0.006224174904545205,2.625,6.137145663499819,78.5,2026-02-02,47.7975,3.004648441685704,108.73873193287251,3,1,2,2
2015,233,,豐興,鋼鐵工業,Superior,6,64.6,-0.0060136685942889356,3.9,5.013295160526472,142.33333333333334,2026-02-02,64.99083333333333,11.09822329511506,91.8755775043718,3,0,3,2
5471,234,,松翰,電子工業,Superior,7,35.3,-0.0041669360384136095,3.4799999999999995,5.2020068864126525,62.5,2026-02-02,35.44770833333334,11.919029168556381,85.68034497113067,3,1,3,2
3537,235,,堡達,電子零組件業,Superior,6,45.55,-0.003681965659290654,2.56,6.116692190811088,133.0,2026-02-02,45.718333333333334,9.051835750589337,107.24531400851191,3,0,3,2
5215,236,,科嘉-KY,電腦及週邊設備業,Superior,7,37.75,-0.0002868933860041319,3.8,5.98817405142367,74.0,2026-02-02,37.76083333333334,8.050046559298211,85.14421153877515,3,1,3,2
8422,237,,可寧衛*,綠能環保,Unqualified,5,36.35,-0.7681747883439007,7.7906676379999995,4.135168681657786,272.6,2026-02-02,156.79916666666668,12.432287432986298,99.23967842344801,2,0,3,1
2245,238,,詠勝昌*,電機機械,Unqualified,4,28.2,-0.4213604185903355,2.2,5.43451943436609,67.6,2026-02-02,48.735,,99.44119100420886,3,1,0,1
2760,239,,巨宇翔,觀光餐旅,Unqualified,5,29.95,-0.38968890096454284,3.317004563333333,4.390478516322756,13.5,2026-02-02,49.07333333333333,,45.13838310269483,2,3,0,1
9906,240,,欣巴巴,建材營造,Unqualified,3,43.95,-0.38067879905234697,4.070835575,4.929491905333673,101.0,2026-02-02,70.96479166666667,1.5909686798460894,54.07956049465636,2,1,0,1
8089,241,,康全電訊,通信網路業,Unqualified,3,27.3,-0.3712514514380031,1.2331636875,4.444956591430254,66.66666666666667,2026-02-02,43.41958333333333,2.9244839570056627,37.294497851250696,2,1,0,1
6219,242,,富旺,建材營造,Unqualified,2,15.7,-0.3534993051146989,0.9833333333333334,4.506562966820977,268.0,2026-02-02,24.28458333333333,0.39164017071128066,106.6620473576938,2,0,0,1
7797,243,,Q Burger,觀光餐旅,Unqualified,2,59.7,-0.3289307292398483,5.08230002,4.4193913217391305,,2026-02-02,88.9625,2.9655030235305238,103.15219976166236,2,0,0,1
2348,244,,海悅,其他,Unqualified,3,75.7,-0.2885282622827559,6.9854096975,6.2515588658575165,210.33333333333334,2026-02-02,106.39916666666666,,53.09976541855614,3,0,0,1
6148,245,,驊宏資,資訊服務業,Unqualified,4,35.6,-0.271459085657277,1.028494662,4.185007288509142,127.2,2026-02-02,48.86479166666666,4.300275213082053,68.36509450112099,2,0,2,1
2741,246,,老四川,觀光餐旅,Unqualified,3,29.1,-0.26230677010990394,3.2,6.389917008379429,246.5,2026-02-02,39.447291666666665,,69.1035314616121,3,0,0,1
3557,247,,嘉威,居家生活,Unqualified,5,34.05,-0.25380766280726114,3.307142857142857,4.750392649585346,231.8,2026-02-02,45.63166666666667,8.357191746475802,-2463.0668353926594,2,0,3,1
4164,248,,承業醫,生技醫療業,Unqualified,3,33.45,-0.2509412220257615,1.8683298699999997,4.094728923012166,79.75,2026-02-02,44.65604166666666,2.65273504482781,111.1215518513441,2,1,0,1
6276,249,,安鈦克,電腦及週邊設備業,Unqualified,4,34.5,-0.23597558443715472,1.742073445,4.781381131331744,340.3333333333333,2026-02-02,45.15562499999999,4.035281625204212,79.42865534617805,2,0,2,1
6186,250,,新潤,建材營造,Unqualified,4,46.8,-0.22798021836777488,1.9940006879999999,4.595248829537524,136.33333333333334,2026-02-02,60.62020833333334,3.4439093080863055,86.9256221377436,2,0,2,1
2545,251,,皇翔,建材營造,Unqualified,3,36.7,-0.21848381601362857,4.4399999999999995,9.02064712328401,290.0,2026-02-02,46.96,,69.19459698426472,3,0,0,1
2392,252,,正崴,電子零組件業,Unqualified,2,38.9,-0.21436625881481736,2.1399999999999997,4.386651398793289,191.4,2026-02-02,49.51416666666667,-0.061879185886789756,72.37345553087877,2,0,0,1
6028,253,,公勝保經,金融業,Unqualified,3,103.5,-0.21042091812408223,4.5,5.997093136486865,145.25,2026-02-02,131.0825,,106.24661542057362,3,0,0,1
6456,254,,GIS-KY,電子工業,Unqualified,3,38.6,-0.1990662689664116,4.166666666666667,4.682438406576337,69.0,2026-02-02,48.19375,2.2755837780244095,26.689688503426247,2,1,0,1
4933,255,,友輝,光電業,Unqualified,3,55.3,-0.1917026498657102,3.4766470220000003,6.778531751375008,276.25,2026-02-02,68.41541666666667,,21.58793177227587,3,0,0,1
6757,256,,台灣虎航,航運業,Unqualified,3,65.3,-0.1913396146582595,4.89,5.57582668187001,,2026-02-02,80.75083333333333,0.6990669642718563,62.79902128839046,3,0,0,1
7642,257,,昶瑞機電,電機機械,Unqualified,5,80.4,-0.18108552003361217,4.9,4.557728925047602,148.5,2026-02-02,98.17875000000001,12.631519943762424,89.92057547464378,2,0,3,1
6128,258,,上福,電腦及週邊設備業,Unqualified,5,24.1,-0.17500481389825906,2.0,5.855721999426569,42.0,2026-02-02,29.212291666666665,,26.130263970425922,3,2,0,1
7715,259,,裕山,綠能環保類,Unqualified,5,32.0,-0.1734514321998783,2.4928797449999998,4.994498614162477,,2026-02-02,38.71520833333333,6.598475276789955,109.53790884849579,2,0,3,1
2611,260,,志信,航運業,Unqualified,5,14.7,-0.1671584712353345,1.6466666666666665,6.619011112501109,588.0,2026-02-02,17.65041666666667,3.262936173289251,-3.6181319445911493,3,0,2,1
5704,261,,老爺知,觀光餐旅,Unqualified,5,22.3,-0.16704926579875026,1.8250000000000002,4.254046948251931,129.66666666666666,2026-02-02,26.772291666666668,8.227920149206515,72.5492809692796,2,0,3,1
8032,262,,光菱,電子通路業,Unqualified,5,36.45,-0.16247008137865004,1.3800000000000001,4.215957985172359,285.25,2026-02-02,43.520833333333336,5.851263184482584,73.22346629930335,2,0,3,1
3022,263,,威強電,電腦及週邊設備業,Unqualified,5,63.8,-0.16040203319570331,3.3,4.764441556038941,124.0,2026-02-02,75.98875,8.50416618752794,66.41856166994688,2,0,3,1
3545,264,,敦泰,電子工業,Unqualified,3,53.0,-0.1556924384027188,5.4498845325,5.4837751273515085,136.25,2026-02-02,62.77333333333333,2.135030998080098,32.79793132094131,3,0,0,1
6171,265,,大城地產,建材營造,Unqualified,2,27.4,-0.1554234120842778,1.5,4.5433001864605655,212.5,2026-02-02,32.44229166666666,,24.828805518123726,2,0,0,1
6112,266,,邁達特,電子工業,Unqualified,2,43.5,-0.15420043991298957,2.07,4.16193825582212,207.6,2026-02-02,51.430625,,49.39652725673515,2,0,0,1
5213,267,,亞昕,建材營造,Unqualified,4,23.95,-0.1521060899965335,1.285767114,4.645786664307826,34.8,2026-02-02,28.246458333333333,1.257807324972128,126.77184861471495,2,2,0,1
2362,268,,藍天,電腦及週邊設備業,Unqualified,4,37.3,-0.152071986739285,1.6659631740000003,4.229124859618787,42.0,2026-02-02,43.989583333333336,1.1793155915410765,130.96913223239596,2,2,0,1
6938,269,,藍新資訊,資訊服務業,Unqualified,5,75.2,-0.15148893757463489,4.25,4.503252114717083,128.0,2026-02-02,88.62583333333333,10.708825467580699,100.81583126073562,2,0,3,1
5907,270,,大洋-KY,貿易百貨,Unqualified,3,5.82,-0.15127873275123496,1.0,5.012531328320803,,2026-02-02,6.857375,,0.0,3,0,0,1
8119,271,,公信,電腦及週邊設備業,Unqualified,5,7.99,-0.1505422071018499,1.1666666666666667,5.324161515739902,37.5,2026-02-02,9.406,1.6775073284406021,50.988864323934045,3,2,0,1
7801,272,,華芸科技,資訊服務業,Unqualified,5,105.0,-0.14920913587332674,5.9,4.199288256227758,,2026-02-02,123.41458333333334,19.54506108307118,98.0051534679023,2,0,3,1
9940,273,,信義,其他,Unqualified,5,21.75,-0.14415005246589718,1.8199999999999998,5.731512533846431,278.25,2026-02-02,25.413333333333334,4.653675984813094,90.12029072727954,3,0,2,1
3325,274,,旭品,電腦及週邊設備業,Unqualified,3,15.2,-0.1407170113534649,1.21668991,5.289956130434782,644.0,2026-02-02,17.689166666666665,-0.6942788518726137,28.716037036578705,3,0,0,1
3597,275,,映興,電子零組件業,Unqualified,5,24.5,-0.13920566835995254,1.1499677560000001,4.445391101638701,62.2,2026-02-02,28.462083333333332,3.81807979454558,74.0138194775319,2,1,2,1
5533,276,,皇鼎,建材營造,Unqualified,5,14.2,-0.13709503854967156,1.0,5.045901432475551,161.5,2026-02-02,16.456041666666668,3.9699471376844793,103.0538411821015,3,0,2,1
2353,277,,宏碁,電子工業,Unqualified,5,27.2,-0.13663926783624183,1.716,5.286131755377799,142.33333333333334,2026-02-02,31.504791666666666,3.329578374942124,77.41659578712569,3,0,2,1
2432,278,,倚天酷碁-創,電腦及週邊設備業,Unqualified,2,24.85,-0.13637811694517635,1.6749999999999998,4.997593141102644,,2026-02-02,28.774166666666662,,74.93657609691458,2,0,0,1
2534,279,,宏盛,建材營造,Unqualified,4,19.9,-0.13531520440308503,1.19,5.077280358179299,60.2,2026-02-02,23.014166666666664,,68.42949711173327,3,1,0,1
2538,280,,基泰,建材營造,Unqualified,5,10.65,-0.13520097442143722,0.58,4.07782084065606,24.0,2026-02-02,12.315,,8.669390797592406,2,3,0,1
2204,281,,中華,汽車工業,Unqualified,4,55.2,-0.1299150800270588,5.34,7.0741199587585015,62.0,2026-02-02,63.442083333333336,,18.914956922747926,3,1,0,1
1777,282,,生泰,生技醫療業,Unqualified,5,72.1,-0.12910872552128172,3.5462959999999994,4.268414328266081,160.0,2026-02-02,82.78875000000001,8.986131532805903,91.97072476320426,2,0,3,1
4306,283,,炎洲,塑膠工業,Unqualified,3,13.3,-0.12908242612752718,0.91137327,5.381821199449734,301.0,2026-02-02,15.27125,2.2670871091507707,65.85734129735758,3,0,0,1
6577,284,,勁豐,電腦及週邊設備業,Unqualified,5,70.3,-0.12874641108793095,4.0600000000000005,4.953554803796661,206.0,2026-02-02,80.68833333333333,12.182532332472555,95.8954061158438,2,0,3,1
1515,285,,力山,電機機械,Unqualified,5,26.0,-0.12866807699558053,2.2,4.488552565062225,132.0,2026-02-02,29.839375,6.434523343887974,71.89238968376901,2,0,3,1
2397,286,,友通,電腦及週邊設備業,Unqualified,5,58.7,-0.12807753722752424,3.28,4.586261596065517,161.2,2026-02-02,67.3225,6.529476591583363,96.66340886975321,2,0,3,1
3206,287,,志豐,電子零組件業,Unqualified,3,31.5,-0.1269098846273776,2.2,5.616808362503001,293.6666666666667,2026-02-02,36.07875,,19.711000874384574,3,0,0,1
1339,288,,昭輝,汽車工業,Unqualified,5,42.15,-0.1260210891906019,2.6,5.41189192970517,157.0,2026-02-02,48.22770833333333,4.898443124896899,108.19868005107418,3,0,2,1
7716,289,,昱臺國際,航運業,Unqualified,5,25.5,-0.1246701422411018,1.625,4.659244292792528,144.0,2026-02-02,29.131874999999997,9.79717307996795,93.08086285814429,2,0,3,1
1598,290,,岱宇,運動休閒,Unqualified,5,20.2,-0.12241480743992407,2.745718185,4.299756302967962,3.0,2026-02-02,23.017708333333335,2.152926833618622,58.572970033908256,2,3,0,1
3293,291,,鈊象,文化創意業,Unqualified,5,703.0,-0.12164800324852797,38.2,4.724889308618738,141.5,2026-02-02,800.3625,37.065824112213654,98.43085411181357,2,0,3,1
2352,292,,佳世達,電子工業,Unqualified,3,24.95,-0.12089848051090075,1.6620000000000001,4.758852862395342,80.0,2026-02-02,28.38125,,51.39820253024037,2,1,0,1
1702,293,,南僑,食品工業,Unqualified,5,37.2,-0.11664308541689344,2.2399999999999998,4.299574463119275,111.33333333333333,2026-02-02,42.11208333333334,3.4869167817759408,93.34154912698456,2,1,2,1
4766,294,,南寶,化學生技醫療,Unqualified,2,304.5,-0.11659645453941053,11.4,4.837243110405314,234.2,2026-02-02,344.68958333333336,,49.969111235301526,2,0,0,1
1806,295,,冠軍,玻璃陶瓷,Unqualified,3,8.82,-0.11305899950976897,1.0,8.767890717931007,331.0,2026-02-02,9.944291666666667,-0.3856600902641948,78.28723754328605,3,0,0,1
1473,296,,台南,紡織纖維,Unqualified,3,25.05,-0.11283598828329636,1.4000000000000001,4.409757954337667,63.0,2026-02-02,28.23604166666667,1.781893554974951,53.8535258982043,2,1,0,1
2227,297,,裕日車,汽車工業,Unqualified,3,53.0,-0.11166980934422797,8.437999999999999,4.806928766899514,61.5,2026-02-02,59.6625,,0.7472324678245268,2,1,0,1
1569,298,,濱川,電腦及週邊設備業,Unqualified,4,51.7,-0.10871033085752868,1.6994956733333335,6.603551274863396,107.0,2026-02-02,58.005833333333335,0.5067999865795842,83.52428176568392,3,1,0,1
1532,299,,勤美,電機機械,Unqualified,4,24.0,-0.10636713416904563,1.501569558,4.683705323944338,38.75,2026-02-02,26.85666666666667,2.6437006653379664,110.21630757377861,2,2,0,1
6648,300,,斯其大,其他電子業,Unqualified,5,24.0,-0.10633247224743407,2.3000000000000003,4.051014004547625,25.0,2026-02-02,26.855624999999996,1.5048631135824437,70.9076225436012,2,3,0,1
4930,301,,燦星網,電器電纜,Unqualified,3,21.6,-0.10518094021593724,2.54,7.384648272879703,374.6666666666667,2026-02-02,24.138958333333335,,26.119095483849218,3,0,0,1
4999,302,,鑫禾,電子零組件業,Unqualified,5,23.25,-0.10516693928605798,1.75,4.6702118980090574,63.5,2026-02-02,25.9825,4.270939815857988,48.02779279898694,2,1,2,1
2430,303,,燦坤,電子通路業,Unqualified,4,22.6,-0.10459587955625979,2.558,6.293151618638515,79.0,2026-02-02,25.24,,77.379122053819,3,1,0,1
6768,304,,志強-KY,運動休閒,Unqualified,5,101.0,-0.10349393268067887,3.495092594,4.031432717276291,70.2,2026-02-02,112.65958333333333,4.712084289119682,95.92964257267974,2,1,2,1
2439,305,,美律,電子工業,Unqualified,2,98.9,-0.10295462619330158,4.990172702000001,4.778552665510949,214.25,2026-02-02,110.25083333333333,,31.482995742041865,2,0,0,1
3015,306,,全漢,電子工業,Unqualified,5,50.7,-0.10082800970999341,3.1,5.9642000856886295,259.25,2026-02-02,56.38520833333334,4.993518314850527,-2.394666422539119,3,0,2,1
4938,307,,和碩,電子工業,Unqualified,5,69.9,-0.10023169999141845,4.399395950000001,5.552880275312011,312.0,2026-02-02,77.68666666666667,3.154139272515639,63.941990332886,3,0,2,1
1722,308,,台肥,化學生技醫療,Unqualified,4,45.8,-0.09776657829288123,2.44,4.020344823776788,179.33333333333334,2026-02-02,50.76291666666667,3.4385076081301853,33.491685107780796,2,0,2,1
2745,309,,五福,觀光餐旅,Unqualified,5,103.0,-0.09685103522354034,5.0,4.526118657176873,8.0,2026-02-02,114.04541666666667,,25.926921733218677,2,3,0,1
6229,310,,研通,半導體業,Unqualified,5,22.35,-0.09633073890629738,1.324,4.3985721937408595,72.66666666666667,2026-02-02,24.7325,4.275723520817054,-1118.8230206953021,2,1,2,1
1535,311,,中宇,電機機械,Unqualified,5,50.4,-0.09625794304542255,2.65,4.858532262771964,70.75,2026-02-02,55.768125000000005,4.936938176857511,48.74985978506988,2,1,2,1
2616,312,,山隆,油電燃氣業,Unqualified,2,13.5,-0.09560362875087233,1.4060000000000001,4.234556469772292,143.5,2026-02-02,14.927083333333334,0.9693915876911985,31.863425153150324,2,0,0,1
2247,313,,汎德永業,汽車工業,Unqualified,3,268.0,-0.0940015635234211,14.9,5.177453713117044,289.3333333333333,2026-02-02,295.80625,,48.34939555591855,3,0,0,1
8931,314,,大汽電,油電燃氣業,Unqualified,5,44.8,-0.09231736812558314,1.9,4.240729832742295,95.75,2026-02-02,49.356458333333336,4.9062182604461,105.27108480642895,2,1,2,1
5403,315,,中菲,資訊服務業,Unqualified,5,111.0,-0.09173045123676714,4.7016387019999994,4.634338991230225,173.25,2026-02-02,122.21041666666666,10.655740611524125,91.02969982715257,2,0,3,1
1271,316,,晨暉生技,生技醫療業,Unqualified,5,59.7,-0.09107056763683426,2.376640606,4.050935463900106,145.75,2026-02-02,65.68166666666667,10.447015962418071,87.92074022987354,2,0,3,1
1467,317,,南緯,紡織纖維,Unqualified,3,7.4,-0.09004739336492892,0.7,4.651162790697674,67.0,2026-02-02,8.132291666666667,0.3495419583248143,33.75236719758401,2,1,0,1
2537,318,,聯上發,建材營造,Unqualified,3,10.45,-0.08954942134839636,0.65,6.951460997109272,264.5,2026-02-02,11.477833333333335,,79.93048971928883,3,0,0,1
5490,319,,同亨,電腦及週邊設備業,Unqualified,4,25.0,-0.08943286843822566,1.2001053566666666,4.563395028224835,35.333333333333336,2026-02-02,27.455416666666668,2.8903954408869357,69.84477084435707,2,2,0,1
6972,320,,博瑞達應材,化學工業,Unqualified,4,27.1,-0.08866718977693083,1.5,4.901960784313726,60.0,2026-02-02,29.736666666666668,0.8374519062352362,179.22759699553512,2,2,0,1
2603,321,,長榮,航運業,Unqualified,4,184.0,-0.0884131866317115,26.590329756,16.376790302270532,89.5,2026-02-02,201.84583333333333,,44.91552898027348,3,1,0,1
2115,322,,六暉-KY,汽車工業,Unqualified,2,24.55,-0.08533461663846507,1.45999999,4.1672544082995255,315.0,2026-02-02,26.84041666666667,,47.021336145607094,2,0,0,1
2915,323,,潤泰全,貿易百貨,Unqualified,5,50.3,-0.08440369059943806,3.1666666666666665,4.298163761243817,5.0,2026-02-02,54.936875,1.1659824922439528,5.270930386236306,2,3,0,1
9905,324,,大華,其他,Unqualified,5,19.9,-0.08203275159529481,1.3,5.093324865111408,,2026-02-02,21.67833333333333,4.727752977427025,84.0372908326281,3,0,2,1
1776,325,,展宇,化學生技醫療,Unqualified,2,15.1,-0.08176451212405307,0.7900183000000001,4.139372551834082,126.5,2026-02-02,16.444583333333334,2.032407370542884,63.108831808053566,2,0,0,1
2453,326,,凌群,電子工業,Unqualified,5,54.3,-0.07848960543063216,2.12,4.896976073458832,26.6,2026-02-02,58.925,,44.38276629184527,2,3,0,1
1583,327,,程泰,電機機械,Unqualified,4,48.6,-0.07821427724697114,3.005484442,4.660416772721262,266.6666666666667,2026-02-02,52.723749999999995,4.359424174461885,49.96106931605994,2,0,2,1
9917,328,,中保科,其他,Unqualified,5,105.0,-0.07688926334297963,5.064,4.44718090164847,121.0,2026-02-02,113.74583333333334,9.836376790334556,87.26459290411529,2,0,3,1
1402,329,,遠東新,紡織纖維,Unqualified,2,27.75,-0.07594330787321278,1.4300000000000002,4.360610302653379,155.25,2026-02-02,30.030625,2.562443038876492,74.0286803001584,2,0,0,1
6161,330,,捷波,電腦及週邊設備業,Unqualified,4,42.4,-0.07584584716401112,2.42,6.305465669409459,101.25,2026-02-02,45.87979166666667,,20.472171339102417,3,1,0,1
6791,331,,虎門科技,資訊服務業,Unqualified,5,106.5,-0.07300283974482194,3.347498838,4.032885232748892,144.6,2026-02-02,114.88708333333334,10.932713137087347,94.02638553302764,2,0,3,1
7760,332,,享溫馨,觀光餐旅,Unqualified,2,40.0,-0.07251305486181904,2.0,4.11522633744856,,2026-02-02,43.12729166666667,2.5956755039248915,110.92715637156955,2,0,0,1
3666,333,,光耀,光電業,Unqualified,5,27.45,-0.06947838246302906,2.0,4.842615012106538,17.0,2026-02-02,29.49958333333333,-11.397742938412508,11.502257310477587,2,3,0,1
3703,334,,欣陸,建材營造,Unqualified,3,22.35,-0.06822425847917662,1.6260000000000001,5.5143610736920845,155.0,2026-02-02,23.986458333333335,2.1212691417361658,123.11943781313705,3,0,0,1
6121,335,,新普,電腦及週邊設備業,Unqualified,2,345.0,-0.0673995314471076,13.822222222222223,4.1707611402394384,128.22222222222223,2026-02-02,369.93333333333334,,19.96708994119652,2,0,0,1
6697,336,,東捷資訊,資訊服務業,Unqualified,5,43.55,-0.06647731839982866,1.98,4.451539272576123,246.4,2026-02-02,46.651250000000005,6.81392792402183,87.8557218486202,2,0,3,1
8011,337,,台通,電子工業,Unqualified,5,20.5,-0.06594397562341588,1.4,6.363636363636363,58.0,2026-02-02,21.947291666666665,-0.31499722933784574,38.018286265089074,3,2,0,1
2727,338,,王品,觀光餐旅,Unqualified,4,212.0,-0.06433608871153115,9.4372093,4.23537835497476,43.0,2026-02-02,226.57708333333332,,53.61126534361864,2,2,0,1
2108,339,,南帝,橡膠工業,Unqualified,2,23.7,-0.06411965052569232,3.0,4.741430993041529,165.0,2026-02-02,25.32375,,32.07649896581807,2,0,0,1
1452,340,,宏益,紡織纖維,Unqualified,5,11.75,-0.06324740898219504,0.86,4.540018989966417,14.0,2026-02-02,12.543333333333333,,-8.176878743826874,2,3,0,1
1234,341,,黑松,食品工業,Unqualified,4,36.85,-0.06194812288861438,1.8199999999999998,4.633139739990315,181.0,2026-02-02,39.28354166666667,3.638174567892174,50.920536356423206,2,0,2,1
1264,342,,德麥,食品工業,Unqualified,5,279.0,-0.060968341338568814,12.9,4.170778350591718,155.33333333333334,2026-02-02,297.1145833333333,16.342404258059904,98.53355126031664,2,0,3,1
1220,343,,台榮,食品工業,Unqualified,5,12.85,-0.06012860756407511,0.6599999999999999,4.1782817272905906,110.5,2026-02-02,13.672083333333331,4.492803737205026,83.82236781392598,2,1,2,1
6115,344,,鎰勝,電子零組件業,Unqualified,3,46.25,-0.05970452697207931,2.904,5.926234858088636,331.3333333333333,2026-02-02,49.186666666666675,,40.92510218651422,3,0,0,1
5356,345,,協益,電腦及週邊設備業,Unqualified,3,25.35,-0.05870703726338092,1.92,6.272471394159351,152.33333333333334,2026-02-02,26.931041666666665,2.673507079576073,71.76363963390625,3,0,0,1
6214,346,,精誠,資訊服務業,Unqualified,5,113.5,-0.057853469236702204,4.92,4.833444522639057,191.8,2026-02-02,120.46958333333333,5.884004055154346,62.73087628806587,2,0,3,1
6464,347,,台數科,其他,Unqualified,5,73.9,-0.0560384056544022,3.9668605040000005,4.410232199038864,65.0,2026-02-02,78.28708333333333,4.858661616436573,112.9985153008523,2,1,2,1
1466,348,,聚隆,紡織纖維,Unqualified,3,14.65,-0.054648114539221554,0.8031,6.177692307692308,469.0,2026-02-02,15.496875,-0.832090716498783,22.093924692691957,3,0,0,1
4767,349,,誠泰科技,化學工業,Unqualified,3,25.7,-0.05385712751760219,1.46,4.787092092896183,86.5,2026-02-02,27.162916666666668,,23.08484643849198,2,1,0,1
3209,350,,全科,電子工業,Unqualified,5,32.85,-0.05302416085616985,2.3325034000000002,6.326215327180265,165.25,2026-02-02,34.689375,3.311852312010258,129.76610602046125,3,0,2,1
3356,351,,奇偶,電子工業,Unqualified,5,48.05,-0.051160953775773885,2.1001738199999997,4.296488751512534,157.5,2026-02-02,50.64083333333333,8.117880639176377,23.538970278126527,2,0,3,1
2450,352,,神腦,通信網路業,Unqualified,3,28.85,-0.05027741391253061,1.8699999980000002,5.339603254320866,197.66666666666666,2026-02-02,30.377291666666668,,29.784547394276043,3,0,0,1
3705,353,,永信,生技醫療業,Unqualified,5,55.5,-0.04939980873809975,2.2600000000000002,4.523246128185514,126.4,2026-02-02,58.38416666666667,6.709422018083577,87.95711527075697,2,0,3,1
1539,354,,巨庭,電機機械,Unqualified,4,18.05,-0.048873666183638614,1.1875,4.366847220330145,171.33333333333334,2026-02-02,18.977500000000003,4.158189456179256,72.2220853236855,2,0,2,1
2433,355,,互盛電,電子工業,Unqualified,3,46.85,-0.04859010428785984,3.34,6.355473479748942,253.5,2026-02-02,49.24270833333333,,35.98616514353475,3,0,0,1
2640,356,,大車隊,數位雲端類,Unqualified,5,125.0,-0.048162954502189145,5.08,4.6082078603148435,146.6,2026-02-02,131.325,10.914246565842317,105.73579203403322,2,0,3,1
1451,357,,年興,紡織纖維,Unqualified,2,17.6,-0.04765125638337421,1.020311328,4.8724143735497405,172.6,2026-02-02,18.480624999999996,,16.843538154835933,2,0,0,1
3033,358,,威健,電子工業,Unqualified,5,30.25,-0.04760030697180177,2.2773981040000004,7.172410267742879,161.33333333333334,2026-02-02,31.761874999999996,3.1579451701597434,147.96268943511805,3,0,2,1
2390,359,,云辰,電子工業,Unqualified,5,10.15,-0.04558918020968806,1.0,6.269592476489029,51.0,2026-02-02,10.634833333333331,-0.8510634001633286,-22.92990970739554,3,2,0,1
2228,360,,劍麟,汽車工業,Unqualified,3,94.6,-0.03982136211388164,4.21,4.526374837038224,65.6,2026-02-02,98.52333333333333,,36.0874502299667,2,1,0,1
8182,361,,加高,電子零組件業,Unqualified,4,26.95,-0.039493907736172715,1.7399999999999998,4.83045405430034,171.8,2026-02-02,28.058125,4.449015497315157,98.30030344666628,2,0,2,1
2904,362,,匯僑,其他,Unqualified,5,17.0,-0.03704315604385222,1.01,4.462956455993455,129.0,2026-02-02,17.653958333333332,6.313682598629301,88.64836448323337,2,0,3,1
1232,363,,大統益,食品工業,Unqualified,5,145.0,-0.03317219536589428,6.32,4.015343746466842,405.75,2026-02-02,149.975,16.868189340374318,96.30871131673203,2,0,3,1
3484,364,,崧騰,電子零組件業,Unqualified,5,49.25,-0.03222637060326195,2.68881448,4.656244082229977,210.25,2026-02-02,50.89,6.063687386807266,93.69486210048083,2,0,3,1
9907,365,,統一實,其他,Unqualified,4,17.8,-0.03122661405537775,0.8560000000000001,4.9348871071637985,164.2,2026-02-02,18.373749999999998,3.6734875864280645,95.9404474005876,2,0,2,1
2903,366,,遠百,貿易百貨,Unqualified,2,21.95,-0.029342668939149684,1.2100000000000002,4.957063564138953,205.0,2026-02-02,22.613541666666666,1.9437131300275001,133.75527138814508,2,0,0,1
6590,367,,普鴻,資訊服務業,Unqualified,5,72.7,-0.027944912421446574,3.78,4.8332794457433845,126.5,2026-02-02,74.78999999999999,11.556512691018769,88.56117314267173,2,0,3,1
6506,368,,雙邦,紡織纖維,Unqualified,4,15.5,-0.02678945165341153,0.9400000000000001,4.977047006098684,171.6,2026-02-02,15.926666666666668,3.661375079779438,77.6607910792633,2,0,2,1
2752,369,,豆府,觀光餐旅,Unqualified,2,205.0,-0.025462756633092616,10.16,4.295382362523791,184.0,2026-02-02,210.35625,,24.4456197989864,2,0,0,1
4431,370,,敏成健康,其他,Unqualified,3,18.6,-0.02527430536601334,5.0,9.107468123861567,,2026-02-02,19.082291666666666,2.0567276502494947,38.40476654500097,3,0,0,1
2597,371,,潤弘,建材營造,Unqualified,3,166.5,-0.02054022255992945,7.0200000000000005,5.376437992472605,268.0,2026-02-02,169.99166666666667,,46.80795309963868,3,0,0,1
2027,372,,大成鋼,鋼鐵工業,Unqualified,5,38.5,-0.019587038176686642,1.625,4.059364713978524,196.5,2026-02-02,39.26916666666667,5.7697089421348355,101.34471020764663,2,0,3,1
2852,373,,第一保,金融保險,Unqualified,4,26.9,-0.019530419463596984,1.1019999999999999,5.3260682859092805,95.8,2026-02-02,27.435833333333335,,50.012130415800755,3,1,0,1
2371,374,,大同,電機機械,Unqualified,5,37.95,-0.018782959056704213,3.10526316,7.7923793224592215,37.0,2026-02-02,38.67645833333333,-0.4365375093694924,32.92666416900668,3,2,0,1
1416,375,,廣豐,其他,Unqualified,2,11.7,-0.018164653228203317,0.512,4.30284058164532,163.0,2026-02-02,11.916458333333333,2.4782583879127564,-23.747333599242047,2,0,0,1
8421,376,,旭源,其他,Unqualified,3,13.0,-0.017879627297909956,1.01047021,6.781679261744966,357.0,2026-02-02,13.236666666666668,1.3686056240515267,85.64959490675591,3,0,0,1
3051,377,,力特,電子工業,Unqualified,5,24.25,-0.017829267675276032,1.2393936666666667,4.608007798605548,66.33333333333333,2026-02-02,24.69020833333333,4.733176342914672,105.01398715568709,2,1,2,1
3702,378,,大聯大,電子通路業,Unqualified,3,64.6,-0.01704199634814371,3.4299999999999997,5.444906484208633,181.0,2026-02-02,65.72,2.8501573512468794,119.71666085170696,3,0,0,1
5464,379,,霖宏,電子零組件業,Unqualified,4,25.1,-0.01615247676754472,1.45,5.120982167642553,75.0,2026-02-02,25.512083333333333,1.5331520628484214,-37.96010331214357,3,1,0,1
5201,380,,凱衛,資訊服務業,Unqualified,5,41.6,-0.01285347043701794,1.52,4.410781021278606,218.2,2026-02-02,42.141666666666666,9.108939060329858,27.09350283155668,2,0,3,1
2114,381,,鑫永銓,橡膠工業,Unqualified,4,89.3,-0.011357031487854212,5.4,4.8064323416436086,51.666666666666664,2026-02-02,90.32583333333334,,45.030549030868166,2,2,0,1
6154,382,,順發,電子通路業,Unqualified,3,13.7,-0.010860082428326463,0.7939999999999999,4.603502189864171,78.5,2026-02-02,13.850416666666666,,21.28949711671985,2,1,0,1
9925,383,,新保,其他,Unqualified,5,40.6,-0.009333251997803776,2.0,4.852075013990117,156.25,2026-02-02,40.982499999999995,6.646325477556444,72.62825122385242,2,0,3,1
2509,384,,全坤建,建材營造,Unqualified,2,14.7,-0.007329666155512776,1.0,4.830917874396135,973.0,2026-02-02,14.808541666666667,,75.73304396702473,2,0,0,1
2908,385,,特力,貿易百貨,Unqualified,2,20.1,-0.005340316295181234,1.0226331380000002,4.545797841620081,362.0,2026-02-02,20.207916666666666,1.1138330862919739,211.30307229378258,2,0,0,1
1104,386,,環泥,水泥工業,Unqualified,5,29.4,-0.005314574904492693,1.42,4.981400118667715,201.75,2026-02-02,29.55708333333333,6.2985390189455925,39.22896011810891,2,0,3,1
1456,387,,怡華,建材營造,Unqualified,2,13.15,-0.0049500267995080845,0.85,4.501253132832081,312.0,2026-02-02,13.215416666666666,1.0080151001200555,445.15699900304014,2,0,0,1
2548,388,,華固,建材營造,Unqualified,3,106.0,-0.0035564886333369606,7.0,6.453404024771663,160.5,2026-02-02,106.37833333333333,,50.86278045296784,3,0,0,1
6136,389,,富爾特,電子工業,Unqualified,2,23.7,-0.003547497043752523,1.032,4.985379355750422,139.8,2026-02-02,23.784375,,-12.507850941641939,2,0,0,1
2107,390,,厚生,橡膠工業,Unqualified,3,24.8,-0.003323928095983632,1.3199999999999998,5.499735371745077,228.0,2026-02-02,24.882708333333333,,20.352947210587885,3,0,0,1
6616,391,,特昇-KY,居家生活類,Unqualified,2,10.05,-0.0023741179779461627,1.05,4.430064708810353,131.5,2026-02-02,10.073916666666666,1.4553387676948335,50.42951062296021,2,0,0,1
3031,392,,佰鴻,電子工業,Unqualified,4,19.5,-0.0018555249856038161,0.89,4.518162913632426,140.6,2026-02-02,19.536250000000003,4.670547326956238,42.94833896220796,2,0,2,1
6797,393,,圓點奈米,生技醫療業,Unqualified,5,16.9,-0.001268113711633301,7.666666666666667,4.47575392182214,,2026-02-02,16.92145833333333,6.216555336080137,39.86500401360761,2,0,3,1
4550,394,,長佳,電機機械,Unqualified,5,26.05,-0.00035975536635082686,1.766,6.164654588449783,210.25,2026-02-02,26.059375,4.847592110354765,75.17318476689313,3,0,2,1
9942,395,,茂順,其他,Unqualified,7,111.5,0.000624455471090025,5.76,5.049248114181373,73.0,2026-02-02,111.43041666666666,11.73020923601611,95.95015617773916,3,1,3,1
2347,396,,聯強,電子通路業,Unqualified,3,65.5,0.003165203185623802,3.7600000000000002,5.4767977483511405,278.0,2026-02-02,65.29333333333334,,36.931927512243874,3,0,0,1
1530,397,,亞崴,電機機械,Unqualified,6,29.15,0.0031905359383401144,1.566342886,4.744274385429096,52.333333333333336,2026-02-02,29.057291666666668,3.574815253110171,46.233790782337984,2,2,2,1
3323,398,,加百裕,電腦及週邊設備業,Unqualified,5,37.75,0.003316703672737144,1.62499598,4.228583946556145,10.75,2026-02-02,37.62520833333333,1.1168210333760693,54.75572030346738,2,3,0,1
4535,399,,至興,電機機械,Unqualified,7,28.4,0.0037626372331730274,1.5,4.2383765022942,36.75,2026-02-02,28.293541666666666,6.445506139349432,91.07267139110252,2,2,3,1
5254,400,,欣訊科技,電子零組件業,Unqualified,5,30.5,0.0038604743652159573,1.48,4.700328498354761,132.5,2026-02-02,30.382708333333333,6.88886255021899,90.40231616799647,2,0,3,1
3118,401,,進階,生技醫療業,Unqualified,6,32.5,0.004766198634548558,1.7399999999999998,5.330554868118014,198.2,2026-02-02,32.34583333333333,7.413584428574323,91.06308541599148,3,0,3,1
2942,402,,京站,居家生活,Unqualified,7,31.0,0.005004761615302064,1.97,4.696754784283673,8.333333333333334,2026-02-02,30.845625,3.5816482004733317,130.9011844634136,2,3,2,1
2596,403,,綠意,建材營造,Unqualified,4,34.65,0.006073217353432054,1.1400000000000001,4.465414099033967,50.8,2026-02-02,34.44083333333334,,22.71600416413078,2,2,0,1
5859,404,,遠壽,金融業,Unqualified,5,15.85,0.006562235393734021,0.7,5.352390077717449,40.5,2026-02-02,15.746666666666668,,99.52688827927958,3,2,0,1
6486,405,,互動,通信網路業,Unqualified,6,79.0,0.006925266601521051,5.205728916,6.489781469998791,194.25,2026-02-02,78.45666666666666,8.542068134901491,95.02289264906999,3,0,3,1
5608,406,,四維航,航運業,Unqualified,3,17.55,0.006968932665527073,1.75,6.343760241310353,139.0,2026-02-02,17.428541666666668,0.6241833814663915,26.82602004337975,3,0,0,1
1708,407,,東鹼,化學生技醫療,Unqualified,4,33.35,0.007102817849525931,1.8800000000000001,4.816777753280424,154.75,2026-02-02,33.11479166666667,3.856725667685681,299.82902851622504,2,0,2,1
2382,408,,廣達,電腦及週邊設備業,Unqualified,6,273.0,0.00814734461190486,7.959999999999999,5.610751584515794,92.4,2026-02-02,270.79375,4.615023228220762,85.67351879202945,3,1,2,1
1108,409,,幸福,水泥工業,Unqualified,5,15.0,0.008417484838723097,0.77,5.337453701123428,235.0,2026-02-02,14.874791666666669,3.7454515428454513,93.40319964283437,3,0,2,1
6606,410,,建德工業,電機機械,Unqualified,6,25.8,0.00876478446450108,1.986,6.7412838478317525,208.25,2026-02-02,25.575833333333332,6.884315146853423,76.77066404342945,3,0,3,1
6242,411,,立康,生技醫療業,Unqualified,6,38.85,0.009145516532279872,2.16,4.256744924530233,115.0,2026-02-02,38.49791666666667,10.614168127279767,93.96178173708842,2,1,3,1
2816,412,,旺旺保,金融保險,Unqualified,3,28.25,0.009243960166123312,1.0999999999999999,5.167138989840679,147.0,2026-02-02,27.99125,,48.624301329760435,3,0,0,1
6803,413,,崑鼎,綠能環保類,Unqualified,6,296.5,0.009333068565430794,13.225682298,4.679138505780243,68.5,2026-02-02,293.7583333333333,10.234972348035969,92.58102546214599,2,1,3,1
1726,414,,永記,化學生技醫療,Unqualified,5,75.7,0.009535240381409661,3.5200000000000005,4.549158354328199,357.0,2026-02-02,74.985,7.419707015807477,90.30753679451007,2,0,3,1
8941,415,,關中,居家生活類,Unqualified,6,46.45,0.009535711374935453,2.857142857142857,5.022811701310507,127.0,2026-02-02,46.011250000000004,5.438082137216774,54.76960260034303,3,0,3,1
2501,416,,國建,建材營造,Unqualified,4,21.8,0.009950872993658688,0.82,4.004236267490431,224.4,2026-02-02,21.585208333333338,3.086311233283769,92.91624427876516,2,0,2,1
6204,417,,艾華,電子零組件業,Unqualified,6,68.4,0.01013768171679103,5.44625,6.374720519964004,289.75,2026-02-02,67.71354166666667,16.90154601246832,54.95548409754786,3,0,3,1
5478,418,,智冠,文化創意業,Unqualified,6,106.5,0.010220778296853144,6.540000000000001,5.725439848090555,161.66666666666666,2026-02-02,105.4225,5.366616413417535,86.52950373470927,3,0,3,1
3526,419,,凡甲,電子零組件業,Unqualified,8,249.0,0.010304223971056849,9.236325246000002,4.716235890727207,22.2,2026-02-02,246.46041666666667,14.715152987896634,91.09132397757404,2,3,3,1
6581,420,,鋼聯,綠能環保,Unqualified,6,106.5,0.010384507437552617,4.76,4.89235759645758,110.75,2026-02-02,105.40541666666667,13.256099255015103,99.77362794801093,2,1,3,1
2356,421,,英業達,電腦及週邊設備業,Unqualified,2,43.85,0.010397764912584092,1.59,4.463429627140008,127.8,2026-02-02,43.39874999999999,2.8281942652396235,91.11599413238426,2,0,0,1
6996,422,,力領科技,半導體業,Unqualified,9,161.0,0.011319767061440876,11.48384488,5.369465907771526,29.0,2026-02-02,159.19791666666666,18.903402245676837,95.54700844756692,3,3,3,1
3038,423,,全台,電子工業,Unqualified,6,23.3,0.01188860539601556,1.42,5.135984539361047,201.5,2026-02-02,23.026249999999997,7.258852538125758,88.39510200872358,3,0,3,1
6672,424,,騰輝電子-KY,電子零組件業,Unqualified,6,85.7,0.013746297272919879,4.0200000000000005,4.570924974058377,97.6,2026-02-02,84.53791666666667,9.160080025306808,97.3181189736536,2,1,3,1
6024,425,,群益期,金融保險,Unqualified,3,50.8,0.01416183168007974,2.552,5.341545846603831,230.0,2026-02-02,50.090625,,0.341268512339029,3,0,0,1
6583,426,,友松,文化創意業,Unqualified,8,13.0,0.0149146918660443,3.5,9.409888734037555,57.0,2026-02-02,12.808958333333333,5.5383504550717575,58.86100872957671,3,2,3,1
4736,427,,泰博,生技醫療業,Unqualified,6,131.5,0.015035780332877629,10.275492490000001,5.828730306801919,167.0,2026-02-02,129.55208333333334,14.266024101752398,81.69784227455506,3,0,3,1
6407,428,,相互,電子零組件業,Unqualified,3,18.3,0.016572539579668675,1.1,8.348194220927029,274.0,2026-02-02,18.001666666666665,1.5568241226334036,67.61912607388385,3,0,0,1
2820,429,,華票,金融保險,Unqualified,3,16.15,0.01756320390643451,0.8200000000000001,5.046588948799235,409.5,2026-02-02,15.87125,0.6761516276113734,0.0,3,0,0,1
2034,430,,允強,鋼鐵工業,Unqualified,5,22.0,0.01804720037019901,1.4895093433333333,4.976014813440689,78.0,2026-02-02,21.61,4.220692897206203,80.98997305421113,2,1,2,1
8487,431,,愛爾達-創,創新板股票,Unqualified,9,80.5,0.021244205284886054,3.2425119125000004,5.295596824410163,24.333333333333332,2026-02-02,78.82541666666665,7.145846948849588,83.22212092767565,3,3,3,1
8424,432,,惠普,建材營造,Unqualified,6,72.9,0.023942318384259264,4.32,6.048955814419024,388.25,2026-02-02,71.19541666666667,13.151939296059151,95.40143456690163,3,0,3,1
2459,433,,敦吉,電子工業,Unqualified,4,65.8,0.023951862850621702,3.3200000000000003,5.352557964528323,93.25,2026-02-02,64.26083333333334,,77.55257567800165,3,1,0,1
2546,434,,根基,建材營造,Unqualified,4,85.8,0.023998726963509655,3.5100000000000002,5.097404392958178,72.25,2026-02-02,83.78916666666666,,45.00182461111617,3,1,0,1
8024,435,,佑華,半導體業,Unqualified,6,14.2,0.025070308152737777,1.7,7.323366508212338,17.0,2026-02-02,13.852708333333334,-1.7984892876232834,11.064250898012006,3,3,0,1
6020,436,,大展證,金融業,Unqualified,5,19.25,0.02565241039416572,1.1272092125,5.058992937343334,32.333333333333336,2026-02-02,18.768541666666668,,27.82525476734866,3,2,0,1
8401,437,,白紗科,其他,Unqualified,6,29.45,0.025856876419660675,1.339389116,5.753592408754811,135.0,2026-02-02,28.707708333333336,6.9281862104970635,99.21595390364361,3,0,3,1
4183,438,,福永生技,生技醫療業,Unqualified,4,16.15,0.026986208815229774,0.8699999999999999,4.16286747798541,212.25,2026-02-02,15.725625,3.3630713068970604,75.53813474597703,2,0,2,1
1308,439,,亞聚,塑膠工業,Unqualified,7,13.15,0.02705957010592781,1.2200000000000002,4.474767980370406,14.4,2026-02-02,12.803541666666666,3.2768175347213724,129.7156457152215,2,3,2,1
6723,440,,傑智環境,綠能環保,Unqualified,4,43.6,0.027494108405341826,1.5666666666666667,4.620516038034823,121.0,2026-02-02,42.43333333333333,4.28301955315811,83.17217834088098,2,0,2,1
5523,441,,豐謙,建材營造,Unqualified,5,30.45,0.028253039171544328,1.16,4.045476250757684,224.75,2026-02-02,29.613333333333333,5.784250462824955,72.75791482523297,2,0,3,1
2850,442,,新產,金融保險,Unqualified,5,112.5,0.028602776465568445,3.966,5.491353966167781,35.0,2026-02-02,109.37166666666667,,49.91806678389504,3,2,0,1
6560,443,,欣普羅,光電業,Unqualified,6,39.75,0.029487144899776132,2.9677470133333337,5.361740191679831,371.5,2026-02-02,38.61145833333333,7.8653878381298465,52.55099476924905,3,0,3,1
2477,444,,美隆電,電子工業,Unqualified,5,24.25,0.029660229815917146,1.1099999999999999,4.631681996829252,98.8,2026-02-02,23.551458333333336,4.558989323658338,-1.218955484736557,2,1,2,1
3669,445,,圓展,電子工業,Unqualified,9,35.05,0.029885282630786332,2.654,5.029354092863445,30.0,2026-02-02,34.032916666666665,6.76536747485462,83.62406312789084,3,3,3,1
1720,446,,生達,生技醫療業,Unqualified,7,60.4,0.03059947673757245,2.46,4.447269991539489,58.5,2026-02-02,58.60666666666667,9.30642493721907,85.56626410500371,2,2,3,1
6174,447,,安碁,電子零組件業,Unqualified,8,21.8,0.030864866462411444,1.21,4.11354039712943,16.5,2026-02-02,21.147291666666668,6.224792639324668,125.01002127182409,2,3,3,1
1325,448,,恆大,塑膠工業,Unqualified,7,30.85,0.03169350175223475,3.08,5.15824349110933,62.25,2026-02-02,29.902291666666667,8.287639803742554,9.978887800993355,3,1,3,1
2064,449,,晉椿,鋼鐵工業,Unqualified,4,12.05,0.033263067633713304,0.8333333333333334,4.627956567423578,52.0,2026-02-02,11.662083333333333,-0.7294861343363674,32.05287378255045,2,2,0,1
3659,450,,百辰,光電業,Unqualified,8,28.55,0.03443590633916584,1.240000002,5.094015229676886,49.75,2026-02-02,27.59958333333333,5.112469970478823,121.73781123062851,3,2,3,1
3231,451,,緯創,電腦及週邊設備業,Unqualified,6,128.0,0.037032035918036714,2.679432912,4.714828248822192,44.2,2026-02-02,123.42916666666666,3.9632070827549843,100.55389109765757,2,2,2,1
1342,452,,八貫,其他,Unqualified,7,93.9,0.039785546537969986,4.132287762,4.056565278395824,30.25,2026-02-02,90.30708333333334,13.169235549239389,95.11181253638225,2,2,3,1
5212,453,,凌網,資訊服務業,Unqualified,6,51.7,0.041455082633182615,2.8899999999999997,5.09814000072892,388.25,2026-02-02,49.64208333333333,12.868206891519677,101.56707504562749,3,0,3,1
9960,454,,邁達康,運動休閒類,Unqualified,8,23.15,0.04353705721047289,1.660080988,5.993603861871601,52.0,2026-02-02,22.184166666666666,6.137378691211807,87.44335406583753,3,2,3,1
2617,455,,台航,航運業,Unqualified,9,30.55,0.044020589931438245,1.64,5.182504888506226,29.0,2026-02-02,29.261874999999996,7.11944103262295,76.87886267662088,3,3,3,1
8081,456,,致新,電子工業,Unqualified,6,234.5,0.04450465832745633,13.9,6.209728969862391,267.25,2026-02-02,224.50833333333333,15.767911074725955,94.18247084743082,3,0,3,1
2606,457,,裕民,航運業,Unqualified,6,61.0,0.04568814351069793,2.56,4.865026111019328,57.4,2026-02-02,58.33479166666667,4.032839045415841,86.82482415662793,2,2,2,1
2061,458,,風青,電器電纜,Unqualified,6,19.4,0.046786123788754255,1.0,5.305039787798408,9.0,2026-02-02,18.532916666666665,-0.894511043006828,22.568081683060214,3,3,0,1
9927,459,,泰銘,其他,Unqualified,7,69.5,0.0480415195345389,4.13,7.242253889924571,97.2,2026-02-02,66.31416666666667,10.079924263015124,93.26993583076522,3,1,3,1
3633,460,,云光,光電業,Unqualified,7,87.5,0.04828081945609202,4.7,7.147838757519784,74.0,2026-02-02,83.47,5.815654815375102,92.76384795193931,3,1,3,1
5538,461,,東明-KY,鋼鐵工業,Unqualified,7,31.0,0.04909156285031405,1.895475364,4.739740135251168,38.0,2026-02-02,29.549375,6.125987654979109,110.7712907969473,2,2,3,1
8213,462,,志超,電子零組件業,Unqualified,5,34.7,0.04987141344359863,2.376,5.415571497690724,177.25,2026-02-02,33.05166666666666,4.278537259871526,85.94914615826661,3,0,2,1
1712,463,,興農,化學生技醫療,Unqualified,6,45.1,0.05050152130555668,2.2399999999999998,5.95529827854674,178.8,2026-02-02,42.931875000000005,6.324945942230647,102.00010649412684,3,0,3,1
5547,464,,久舜,建材營造,Unqualified,4,25.5,0.05129350328099777,0.968,4.218342464377417,205.8,2026-02-02,24.25583333333333,4.991074852755273,97.56505381695928,2,0,2,1
1409,465,,新纖,紡織纖維,Unqualified,3,14.7,0.051596172762228346,0.93,5.12730996911693,202.0,2026-02-02,13.97875,1.8601782909621167,0.0,3,0,0,1
2324,466,,仁寶,電腦及週邊設備業,Unqualified,2,32.3,0.05301764538082233,1.24,4.204798523120216,296.75,2026-02-02,30.67375,2.2969800835113556,91.64790745436909,2,0,0,1
2006,467,,東和鋼鐵,鋼鐵工業,Unqualified,6,69.4,0.053243961047173494,3.9200000000000004,5.486481649731216,301.5,2026-02-02,65.89166666666667,6.879829971380051,99.32746954426966,3,0,3,1
6662,468,,樂斯科,生技醫療業,Unqualified,6,30.5,0.05569056152065606,1.51,4.527531764159322,85.25,2026-02-02,28.891041666666663,8.062375736359613,97.19911436911312,2,1,3,1
4417,469,,金洲,紡織纖維,Unqualified,6,51.6,0.055975033148441045,2.46,6.0744586262277735,239.0,2026-02-02,48.86479166666667,7.159657930127926,90.83929007004735,3,0,3,1
4906,470,,正文,通信網路業,Unqualified,4,28.35,0.056193728655697106,1.399672238,4.614925325401383,55.2,2026-02-02,26.841666666666665,2.5690827795379048,10.571856718385641,2,2,0,1
8249,471,,菱光,電子零組件業,Unqualified,8,56.6,0.056200043541815625,1.5149856659999998,4.726477475400468,29.4,2026-02-02,53.58833333333334,9.885821335188599,75.64754819074821,2,3,3,1
2851,472,,中再保,金融保險,Unqualified,3,26.75,0.05625113111005088,1.6,5.791140100707331,271.25,2026-02-02,25.325416666666666,,49.91830133679569,3,0,0,1
8924,473,,大田,運動休閒類,Unqualified,6,70.5,0.056324838617038415,8.03,7.069659459648842,123.66666666666667,2026-02-02,66.74083333333334,13.90890296386687,108.46859181325046,3,0,3,1
6951,474,,青新-創,綠能環保,Unqualified,6,77.1,0.05678566737294183,3.075,4.308109827623914,79.5,2026-02-02,72.95708333333333,11.349239696432544,98.79301591583764,2,1,3,1
8938,475,,明安,運動休閒類,Unqualified,8,70.7,0.057202848615879265,4.352697824000001,4.8950199408943345,12.666666666666666,2026-02-02,66.87458333333333,7.888555644792575,79.66691845493276,2,3,3,1
3498,476,,陽程,其他電子類,Unqualified,2,48.6,0.05767617734937133,2.0,4.132231404958678,373.0,2026-02-02,45.94979166666667,-1.8679233459871036,17.186318572379935,2,0,0,1
3071,477,,協禧,電腦及週邊設備業,Unqualified,6,23.2,0.05799194345215466,1.340274818,4.780629367768985,93.5,2026-02-02,21.928333333333335,5.305449903278125,71.84991530760219,2,1,3,1
5520,478,,力泰,建材營造,Unqualified,6,88.1,0.05819999899905391,4.3,6.144442892914233,273.4,2026-02-02,83.25458333333334,10.787516335791636,81.20188788770218,3,0,3,1
2399,479,,映泰,電腦及週邊設備業,Unqualified,3,22.55,0.06200941915227628,0.73,4.265251258013373,108.5,2026-02-02,21.233333333333334,1.3195436976234365,-56.289711318398986,2,1,0,1
6202,480,,盛群,半導體業,Unqualified,8,44.5,0.06321553011448487,4.1907,5.013218692661823,45.5,2026-02-02,41.854166666666664,12.183809229343941,77.97117512472832,3,2,3,1
6116,481,,彩晶,光電業,Unqualified,3,8.15,0.06363888481051899,0.747765215,5.255215025450771,186.0,2026-02-02,7.662375,,0.0,3,0,0,1
3171,482,,炎洲流通,居家生活類,Unqualified,6,47.6,0.06385059157133084,1.884,6.978994353191057,280.2,2026-02-02,44.743125,6.713771798530895,91.16912725074388,3,0,3,1
6898,483,,程曦資訊,資訊服務業,Unqualified,5,124.0,0.0639248674562685,5.166666666666667,4.2004627167883255,201.33333333333334,2026-02-02,116.54958333333335,21.01479785327043,96.3792906356551,2,0,3,1
2211,484,,長榮鋼,鋼鐵工業,Unqualified,4,101.0,0.06457733117841347,4.3183149720000005,5.423755682214113,100.5,2026-02-02,94.87333333333332,,38.066569813996416,3,1,0,1
3556,485,,禾瑞亞,半導體業,Unqualified,7,42.05,0.06719116807309164,3.166,4.923898336504761,42.0,2026-02-02,39.4025,11.950856486983907,92.74297693268477,2,2,3,1
2637,486,,慧洋-KY,航運業,Unqualified,6,69.1,0.06761428378300058,4.09,5.668975163128225,110.0,2026-02-02,64.72375000000001,4.93747924818736,258.3227804492092,3,1,2,1
6191,487,,精成科,電子工業,Unqualified,7,104.5,0.06840701706554442,2.29702639,4.287237106698802,59.2,2026-02-02,97.80916666666666,5.133731501410526,87.39360583869357,2,2,3,1
5223,488,,安力-KY,電腦及週邊設備業,Unqualified,5,28.2,0.06888192234497025,2.704865873333333,5.527585622018303,122.5,2026-02-02,26.382708333333333,4.543551507759393,21.959277756009268,3,0,2,1
6168,489,,宏齊,電子工業,Unqualified,4,20.25,0.06905995314613789,1.0505499999999999,4.412103450263827,47.0,2026-02-02,18.941875,,30.123530287245124,2,2,0,1
6525,490,,捷敏-KY,半導體業,Unqualified,6,78.2,0.07006630898962873,4.64,5.6539190827031085,438.0,2026-02-02,73.07958333333335,12.425448357677478,91.90538707274901,3,0,3,1
2493,491,,揚博,電子零組件業,Unqualified,8,111.0,0.07155786171111374,3.65,5.297145457054488,43.75,2026-02-02,103.5875,10.960018078027804,101.72940952550584,3,2,3,1
8083,492,,瑞穎,電機機械,Unqualified,6,167.0,0.07238892827997705,8.8,5.081736518539576,159.0,2026-02-02,155.72708333333333,17.48072320097859,99.42704232286488,3,0,3,1
5604,493,,中連,其他,Unqualified,6,38.65,0.07241953385127656,3.6700000000000004,5.29900971185853,,2026-02-02,36.03999999999999,11.947344098350799,55.10311939470896,3,0,3,1
2221,494,,大甲,其他,Unqualified,6,30.15,0.07320039451534674,2.12,5.753312885227238,15.0,2026-02-02,28.093541666666667,,26.70492029680172,3,3,0,1
4105,495,,東洋,生技醫療業,Unqualified,5,84.0,0.07521146892233516,3.62,4.616034412979583,262.2,2026-02-02,78.12416666666667,12.063231156433785,86.03287142536658,2,0,3,1
2731,496,,雄獅,觀光餐旅,Unqualified,2,166.5,0.07684223291159703,7.75,4.812885802469136,153.5,2026-02-02,154.61875,,45.923614257863285,2,0,0,1
8416,497,,實威,資訊服務業,Unqualified,6,177.5,0.0785492752705868,7.8,5.276991891700702,264.2,2026-02-02,164.57291666666666,18.611449875500632,92.50039824327,3,0,3,1
6164,498,,華興,電子工業,Unqualified,2,12.0,0.07856281504894742,0.525,4.345816787621525,173.5,2026-02-02,11.125916666666665,,33.88034297490188,2,0,0,1
4953,499,,緯軟,資訊服務業,Unqualified,6,119.5,0.07939662180471495,4.703748508,4.59879165467331,85.4,2026-02-02,110.71000000000001,11.333049627182547,90.22148678627042,2,1,3,1
6432,500,,今展科,電子零組件業,Unqualified,5,32.2,0.08029523596510864,1.462686368,4.297957089309276,118.0,2026-02-02,29.806666666666665,4.516786647732367,204.99873027093625,2,1,2,1
3689,501,,湧德,電子零組件業,Unqualified,7,107.5,0.08042010753948992,2.245965102,4.0338667965447526,5.6,2026-02-02,99.49833333333332,4.649965922993525,65.80893670330558,2,3,2,1
6776,502,,展碁國際,電子通路業,Unqualified,5,59.5,0.08079470198675492,3.04,5.667692060229129,262.25,2026-02-02,55.052083333333336,4.05446137138366,89.6331177857551,3,0,2,1
5016,503,,松和,鋼鐵工業,Unqualified,5,25.0,0.0847751803438737,1.72,5.1244635617134175,229.0,2026-02-02,23.04625,4.191274674975951,103.73487800053128,3,0,2,1
6275,504,,元山,電子零組件業,Unqualified,6,49.2,0.08515947010251482,1.772663456,4.369084188791986,55.4,2026-02-02,45.33895833333334,4.761801558103757,78.81398297182068,2,2,2,1
4987,505,,科誠,電腦及週邊設備業,Unqualified,6,81.6,0.08579222248095547,3.6399999999999997,5.2873190461328985,198.5,2026-02-02,75.15249999999999,10.746985878984363,96.49143308448096,3,0,3,1
6023,506,,元大期,金融業,Unqualified,3,94.4,0.08584793527855515,3.4799999999999995,5.148521800472371,189.6,2026-02-02,86.93666666666668,,-15.044499003309301,3,0,0,1
5511,507,,德昌,建材營造,Unqualified,7,67.2,0.08856761025391813,3.04,5.8937410618065105,94.5,2026-02-02,61.7325,5.904853168914561,90.54645575531468,3,1,3,1
6596,508,,寬宏藝術,文化創意業,Unqualified,6,144.5,0.08880614352901282,4.5,6.20916949793843,252.66666666666666,2026-02-02,132.71416666666667,9.189918885544973,-131.08859421849712,3,0,3,1
5315,509,,光聯,光電業,Unqualified,6,24.55,0.09089899186269342,1.244165592,6.142133280728517,144.0,2026-02-02,22.504375,8.475738696398109,78.10345321142456,3,0,3,1
5007,510,,三星,鋼鐵工業,Unqualified,5,58.4,0.09394024538728109,2.766,4.8839956852483954,284.4,2026-02-02,53.385,11.048075207445152,93.3685613072667,2,0,3,1
3455,511,,由田,光電業,Unqualified,6,105.5,0.09413823650152325,3.9,4.6782169665405675,88.4,2026-02-02,96.42291666666667,8.063084311038656,89.66844136257222,2,1,3,1
7713,512,,威力德生醫,生技醫療業,Unqualified,8,72.0,0.09750520806869584,2.8339999999999996,4.320763329881871,11.5,2026-02-02,65.60333333333332,8.572456089845879,100.54936540405558,2,3,3,1
2883,513,,凱基金,金融保險,Unqualified,2,18.0,0.09781199969505233,0.7251146975,4.874544195614911,184.25,2026-02-02,16.39625,0.5948087417863303,0.0,2,0,0,1
2010,514,,春源,鋼鐵工業,Unqualified,5,21.9,0.10150576844487763,0.96,4.438012168401536,97.66666666666667,2026-02-02,19.881874999999997,3.595178151085618,80.43839195751629,2,1,2,1
6613,515,,朋億*,其他電子類,Unqualified,8,203.0,0.10262416403571314,6.3481661575,4.234251055031217,20.0,2026-02-02,184.10625,11.46483215285176,94.86383880110466,2,3,3,1
6881,516,,潤德,其他,Unqualified,5,228.0,0.10590137429264354,9.765666666666666,4.6714940539267635,197.0,2026-02-02,206.16666666666666,10.676051382671208,93.81694626036392,2,0,3,1
6210,517,,慶生,電子零組件業,Unqualified,3,20.35,0.10620370999524377,2.6666666666666665,6.697441960144038,,2026-02-02,18.39625,-1.3679177097925974,54.22113069506257,3,0,0,1
8034,518,,榮群,通信網路業,Unqualified,5,23.15,0.10715887012404712,0.8999999999999999,4.555927089101516,143.0,2026-02-02,20.909375,7.508008342255592,80.94998843664881,2,0,3,1
5434,519,,崇越,電子通路業,Unqualified,6,320.0,0.10878510070020926,8.756498537999999,4.386663114831852,87.6,2026-02-02,288.6041666666667,9.937667193587504,82.60320506705067,2,1,3,1
2905,520,,三商,貿易百貨,Unqualified,3,15.25,0.1093262207134846,1.0,5.0621491579791495,322.0,2026-02-02,13.747083333333334,-0.1411604058494793,0.0,3,0,0,1
3026,521,,禾伸堂,電子零組件業,Unqualified,6,102.0,0.10965554442475146,6.5,6.185325229320883,401.75,2026-02-02,91.92041666666667,8.17736429453784,89.85902726623617,3,0,3,1
4949,522,,有成精密,電子工業,Unqualified,8,47.4,0.11578637634250394,1.9998550833333333,4.190608288131538,17.5,2026-02-02,42.48125,5.496070738345024,95.3063373313555,2,3,3,1
5209,523,,新鼎,其他,Unqualified,6,170.0,0.1174714469611898,9.529459042500001,7.5648056005263085,143.33333333333334,2026-02-02,152.12916666666666,7.465304990574649,85.39285556904086,3,0,3,1
2235,524,,謚源,電機機械,Unqualified,4,35.15,0.12317513996418504,2.6,5.749396059474027,95.33333333333333,2026-02-02,31.295208333333335,,17.407367479994562,3,1,0,1
6744,525,,豐技生技,生技醫療業,Unqualified,5,17.3,0.12330064254311811,1.15,4.821295825453241,229.25,2026-02-02,15.401041666666666,6.91721209902837,90.21586715508198,2,0,3,1
8048,526,,德勝,通信網路業,Unqualified,5,52.9,0.12574648536733504,2.3200000000000003,4.948885620946599,246.2,2026-02-02,46.99104166666667,11.740181966190512,81.40286129423247,2,0,3,1
2535,527,,達欣工,建材營造,Unqualified,3,68.0,0.125820048150882,2.851653816,6.680984754679041,200.4,2026-02-02,60.400416666666665,,40.07016825663263,3,0,0,1
8240,528,,華宏,光電業,Unqualified,3,40.75,0.12588499395613878,1.56,4.78031973414072,113.8,2026-02-02,36.19375,2.764454606850833,71.71110975534336,2,1,0,1
5267,529,,龍翩,光電業,Unqualified,7,27.1,0.12716086824660983,2.2226679359999997,6.198733311834407,84.75,2026-02-02,24.042708333333334,6.226159150784625,199.1580180814242,3,1,3,1
4927,530,,泰鼎-KY,電子零組件業,Unqualified,2,30.9,0.12785728407829292,3.0,4.684445825975528,136.0,2026-02-02,27.397083333333335,1.3567278561340619,63.11355559631507,2,0,0,1
5515,531,,建國,建材營造,Unqualified,6,32.05,0.12943249394317582,1.194317458,6.412112823402744,110.0,2026-02-02,28.377083333333335,4.53786875323295,64.36878172025729,3,1,2,1
2937,532,,集雅社,居家生活類,Unqualified,5,44.0,0.1295325703283774,1.7454905240000003,4.449846797754963,492.8,2026-02-02,38.954166666666666,5.207588619958143,94.36415935810675,2,0,3,1
4544,533,,春日,電機機械,Unqualified,5,15.0,0.130333762441521,1.136,5.278372671300026,191.33333333333334,2026-02-02,13.270416666666666,3.993522224348143,80.8149745509639,3,0,2,1
2515,534,,中工,建材營造,Unqualified,2,13.55,0.1305209365385618,0.45325000000000004,4.212315619584342,186.5,2026-02-02,11.985625,1.608975674536906,91.08261086344652,2,0,0,1
1570,535,,力肯,電機機械,Unqualified,6,30.35,0.13433207711713968,1.02,4.724329618967563,67.0,2026-02-02,26.75583333333333,8.377958553309613,81.77806490012117,2,1,3,1
3090,536,,日電貿,電子零組件業,Unqualified,6,88.8,0.13643998656236497,4.04,6.644238293614618,166.0,2026-02-02,78.13875,11.348521732271376,96.10428798778948,3,0,3,1
6261,537,,久元,半導體業,Unqualified,6,71.1,0.1365013819974024,4.4,6.225071929820645,217.75,2026-02-02,62.56041666666667,7.1303074569946325,91.4363920114968,3,0,3,1
8109,538,,博大,電子零組件業,Unqualified,5,105.5,0.13761451402024527,4.178946226,4.7690839741535225,160.2,2026-02-02,92.73791666666666,12.812650122110544,91.01201584433247,2,0,3,1
2882,539,,國泰金,金融保險,Unqualified,2,74.3,0.13805053322185992,2.875,4.933165046654236,230.0,2026-02-02,65.28708333333333,0.4502073743768556,0.0,2,0,0,1
6270,540,,倍微,電子通路業,Unqualified,7,25.85,0.14229951299448543,1.3800000000000001,5.60725132702066,80.0,2026-02-02,22.62979166666667,8.496752883664481,60.80982438466612,3,1,3,1
6190,541,,萬泰科,通信網路業,Unqualified,8,47.45,0.14231834048870526,1.492398714,4.173172992326739,2.8,2026-02-02,41.538333333333334,5.172172160517448,98.18073538436006,2,3,3,1
6470,542,,宇智,通信網路業,Unqualified,6,53.4,0.14331083763398178,3.098031504,5.1798074161649135,149.2,2026-02-02,46.70645833333333,8.703428827596413,102.86370372040822,3,0,3,1
6192,543,,巨路,電子工業,Unqualified,6,119.0,0.1442949524412428,4.38,5.032068980522192,232.4,2026-02-02,103.99416666666666,8.968212851382138,96.24309772053927,3,0,3,1
6654,544,,天正國際,其他電子類,Unqualified,5,86.0,0.14520652834302933,2.3333333333333335,4.1856865875649145,78.0,2026-02-02,75.095625,4.378374305575406,54.440689614194795,2,1,2,1
3402,545,,漢科,其他電子類,Unqualified,8,127.0,0.14576128469611763,3.08,5.2755491341263285,43.4,2026-02-02,110.84333333333333,7.18597204178588,91.86486426667594,3,2,3,1
4305,546,,世坤,塑膠工業,Unqualified,8,43.1,0.14601625295671994,2.2600000000000002,5.785871858428009,42.0,2026-02-02,37.60854166666666,11.762017910003228,92.40792251550229,3,2,3,1
2323,547,,中環,電子工業,Unqualified,3,10.4,0.1460318189122798,0.68,5.271317829457364,,2026-02-02,9.074791666666668,,0.900422362462507,3,0,0,1
6904,548,,伯鑫,其他,Unqualified,6,129.0,0.15048029579532154,5.6000000000000005,4.033975008443093,101.0,2026-02-02,112.12708333333333,10.606727053792943,102.35784595153895,2,1,3,1
3048,549,,益登,電子工業,Unqualified,3,37.55,0.15078883688857964,2.075,6.441768656567872,294.75,2026-02-02,32.62979166666666,1.7245436407274592,609.1561243731126,3,0,0,1
2030,550,,彰源,鋼鐵工業,Unqualified,5,17.4,0.15155526141628042,1.042313328,4.728175796925179,74.75,2026-02-02,15.110000000000001,3.294094382465307,151.29074414593316,2,1,2,1
2472,551,,立隆電,電子零組件業,Unqualified,5,102.5,0.15250552827855027,3.105023916,4.566892848322798,140.8,2026-02-02,88.93666666666667,9.112442351159658,96.21058260441777,2,0,3,1
7558,552,,群利科技,其他,Unqualified,6,12.65,0.15421902028247184,2.015288485,6.7795160083577715,0.0,2026-02-02,10.959791666666668,0.9721955858386442,-117.64692622108755,3,3,0,1
5878,553,,台名,金融業,Unqualified,3,41.6,0.15474028752848137,2.627999998,5.375821742544574,329.0,2026-02-02,36.02541666666666,,15.84303680761069,3,0,0,1
6651,554,,全宇昕,半導體業,Unqualified,6,94.3,0.1578958139344512,4.800238938,5.249025115561659,126.66666666666667,2026-02-02,81.44083333333334,12.88460109338554,102.2651545862327,3,0,3,1
6816,555,,捷智商訊,資訊服務業,Unqualified,5,39.45,0.15936350111124056,2.56,4.414607389385518,137.33333333333334,2026-02-02,34.02729166666666,10.12635829424086,89.87578995878702,2,0,3,1
1608,556,,華榮,電器電纜,Unqualified,8,34.8,0.16058029014507247,0.9199999999999999,4.125543349495824,14.4,2026-02-02,29.985,5.616289600001625,49.8418633138523,2,3,3,1
4745,557,,合富-KY,生技醫療業,Unqualified,4,21.95,0.1660026560424967,1.175,4.225685627920243,172.33333333333334,2026-02-02,18.825,3.177473343392939,86.18007972012386,2,0,2,1
8111,558,,立碁,光電業,Unqualified,6,64.5,0.17014762909041425,1.1800000000000002,4.934443287652967,110.4,2026-02-02,55.12125,6.64016550916371,176.2909775711695,2,1,3,1
3010,559,,華立,電子通路業,Unqualified,8,120.0,0.17790447521901662,5.51007519,5.569751434926444,51.5,2026-02-02,101.87583333333333,5.919509743978331,80.46545491189548,3,2,3,1
3357,560,,臺慶科,電子零組件業,Unqualified,7,146.0,0.18159224951019898,5.32,4.874084138273189,37.8,2026-02-02,123.56208333333333,9.611773895225,83.51255221063606,2,2,3,1
2891,561,,中信金,金融保險,Unqualified,3,50.9,0.1852024332741508,1.480114532,4.696797004339254,97.6,2026-02-02,42.94625,0.6273921922597843,0.0,2,1,0,1
8436,562,,大江,生技醫療業,Unqualified,6,152.5,0.18848533064895848,7.376673464,4.456360822778338,81.8,2026-02-02,128.31458333333333,11.707914578606536,89.45849048918664,2,1,3,1
6664,563,,群翊,電子零組件業,Unqualified,7,282.0,0.18858828797976873,6.755037971999999,4.751415283085987,45.4,2026-02-02,237.25625,9.54091899520801,91.20150889076123,2,2,3,1
6005,564,,群益證,金融保險,Unqualified,3,28.95,0.1890134337297852,1.1940000000000002,6.853585052658216,132.6,2026-02-02,24.347916666666666,1.9074643506887674,59.50165873552073,3,0,0,1
6750,565,,泰創工程,其他電子業,Unqualified,4,55.4,0.18911764179798599,1.26,4.039724212453992,193.25,2026-02-02,46.589166666666664,3.4760873395676066,106.50551580081981,2,0,2,1
3036,566,,文曄,電子通路業,Unqualified,5,152.5,0.19128215810853022,4.062537674,4.75857188522715,97.4,2026-02-02,128.01333333333335,3.801097685312222,130.6974781119198,2,1,2,1
1215,567,,卜蜂,食品工業,Unqualified,5,148.0,0.19429883697081163,4.2,4.250670155251623,240.6,2026-02-02,123.92208333333333,7.351417721617656,94.38372814760201,2,0,3,1
1312,568,,國喬,塑膠工業,Unqualified,6,12.8,0.196597176778536,0.8666666666666667,4.258666419276435,47.666666666666664,2026-02-02,10.697000000000001,4.6068419466724455,23.934715537629067,2,2,2,1
8091,569,,翔名,半導體業,Unqualified,7,136.0,0.1978992722321517,4.857974378,5.078132069086055,74.2,2026-02-02,113.53208333333333,7.399173571645639,95.04058187877615,3,1,3,1
6026,570,,福邦證,金融業,Unqualified,3,14.65,0.20184583831823624,0.9512599724999999,6.399295744956918,289.0,2026-02-02,12.189583333333333,,43.6602915872398,3,0,0,1
2612,571,,中航,航運業,Unqualified,7,61.5,0.2049028771546005,1.9120000000000001,4.172818971037625,23.8,2026-02-02,51.04145833333334,3.289529391747772,82.79232130435693,2,3,2,1
3426,572,,台興,電機機械,Unqualified,6,43.3,0.20496037382527388,2.16,5.232424473899533,143.4,2026-02-02,35.93479166666666,7.128040107619923,80.36026333707407,3,0,3,1
4121,573,,優盛,生技醫療業,Unqualified,5,18.6,0.2054602163023373,1.1403968266666666,4.835105711152395,7.666666666666667,2026-02-02,15.429791666666667,1.437777834712294,31.72219938847074,2,3,0,1
6015,574,,宏遠證,金融業,Unqualified,3,13.2,0.21133330784231255,0.7625,5.397576812690282,351.5,2026-02-02,10.897083333333333,,3.356412404198047,3,0,0,1
2249,575,,湧盛,電機機械,Unqualified,5,124.5,0.21598359154671642,2.877073528,4.086962983467587,8.0,2026-02-02,102.38625,,107.17225103838268,2,3,0,1
2855,576,,統一證,金融保險,Unqualified,3,28.6,0.21602947950253343,1.24,5.641581449199129,321.2,2026-02-02,23.519166666666667,,33.92023274082707,3,0,0,1
2885,577,,元大金,金融保險,Unqualified,2,42.2,0.21778338894399854,1.23,4.394079420393105,166.4,2026-02-02,34.653125,0.9665486880810842,0.0,2,0,0,1
6862,578,,三集瑞-KY,電子零組件業,Unqualified,8,187.0,0.22056023932553706,6.0,4.240282685512367,30.0,2026-02-02,153.20833333333334,13.87674666623987,95.89246049138063,2,3,3,1
2478,579,,大毅,電子零組件業,Unqualified,5,61.4,0.22206787883813986,2.263616,4.244352012068826,412.2,2026-02-02,50.24270833333333,7.318448065172018,93.20844297168667,2,0,3,1
3684,580,,榮昌,通信網路業,Unqualified,8,52.2,0.22300753641297993,1.9799999999999998,4.152533624495228,15.0,2026-02-02,42.681666666666665,7.6827714010149695,93.1152860679224,2,3,3,1
2404,581,,漢唐,電子工業,Unqualified,3,914.0,0.22467095621589186,18.825059346,6.245448277974161,172.0,2026-02-02,746.3229166666666,,46.38983953176143,3,0,0,1
3030,582,,德律,電子工業,Unqualified,5,183.5,0.2272058495697534,3.88,4.635134661446076,274.2,2026-02-02,149.52666666666667,15.868761337924473,98.24270419682699,2,0,3,1
8999,583,,台灣積層,其他,Unqualified,7,38.0,0.23054504240118204,2.0,4.656577415599534,6.0,2026-02-02,30.880625,3.304020346637691,97.3168495861836,2,3,2,1
3211,584,,順達,電腦及週邊設備業,Unqualified,6,319.0,0.2412350742941447,9.118822,7.741629657716439,255.0,2026-02-02,257.00208333333336,7.82889699909867,62.908165138505346,3,0,3,1
6788,585,,華景電,半導體業,Unqualified,8,304.0,0.2414180342512953,6.6,4.136431047723518,17.6,2026-02-02,244.88125,14.126056709672282,97.46987274630746,2,3,3,1
2941,586,,米斯特,居家生活類,Unqualified,5,39.6,0.24249099573155192,3.1272038099999997,4.253913666423335,27.0,2026-02-02,31.871458333333333,,98.24080843585108,2,3,0,1
6761,587,,穩得,電子零組件業,Unqualified,6,146.0,0.24373959557166244,4.704086044,4.844049596337093,70.4,2026-02-02,117.38791666666665,8.607139093840821,103.76612698555914,2,1,3,1
6016,588,,康和證,金融業,Unqualified,3,15.95,0.24712896447246246,0.91125,6.991563974026582,225.5,2026-02-02,12.789375,,36.833142689366454,3,0,0,1
2069,589,,運錩,鋼鐵工業,Unqualified,3,20.4,0.2475951431447245,1.09375,5.313960494032904,207.33333333333334,2026-02-02,16.351458333333333,,67.42987725607439,3,0,0,1
8499,590,,鼎炫-KY,電子工業,Unqualified,5,292.5,0.2490103105623215,6.01207809,4.395938982690968,328.2,2026-02-02,234.18541666666667,11.4957672891983,83.18314464245776,2,0,3,1
5262,591,,立達,半導體業,Unqualified,7,40.7,0.2601513265260049,2.1,5.628765882198839,33.5,2026-02-02,32.29770833333333,4.847458622954703,63.1010347138146,3,2,2,1
6691,592,,洋基工程,電子工業,Unqualified,5,587.0,0.2639341835521683,14.309999999999999,4.433926872458795,239.4,2026-02-02,464.42291666666665,12.848886229069947,98.29999501358728,2,0,3,1
8905,593,,裕國,其他,Unqualified,6,35.5,0.26528702858033915,1.425,5.1594522267087966,118.0,2026-02-02,28.056874999999998,4.161273300895144,80.21769218164897,3,1,2,1
5469,594,,瀚宇博,電子零組件業,Unqualified,6,94.4,0.271287728729105,2.186770884,4.717647595165172,42.6,2026-02-02,74.25541666666668,4.207782597565212,86.40486027221843,2,2,2,1
2832,595,,台產,金融保險,Unqualified,2,48.45,0.2876149557340835,1.23,4.698382469202331,225.8,2026-02-02,37.62770833333333,,50.0632281913671,2,0,0,1
6138,596,,茂達,半導體業,Unqualified,8,249.5,0.287714242704458,7.438366189999999,4.6120323007828645,25.0,2026-02-02,193.75416666666666,15.23811986075544,92.36293175330164,2,3,3,1
6290,597,,良維,電子零組件業,Unqualified,5,158.5,0.296589805204765,3.116315,4.116967913044928,121.6,2026-02-02,122.24375,8.934198253590985,81.8224162589965,2,0,3,1
3221,598,,台嘉碩,通信網路業,Unqualified,3,27.15,0.2998463962975523,1.175410165,4.015572097479106,88.0,2026-02-02,20.887083333333333,1.986863942381841,42.749699660312764,2,1,0,1
3372,599,,典範,半導體業,Unqualified,3,20.6,0.30084723464716107,0.7490998,5.288789626201137,173.0,2026-02-02,15.835833333333333,-3.940475416362056,14.83211319247875,3,0,0,1
8342,600,,益張,其他,Unqualified,6,85.6,0.3062719365176254,3.94,6.005684819707972,153.2,2026-02-02,65.53,10.152724390591324,78.88346107891813,3,0,3,1
2441,601,,超豐,電子工業,Unqualified,6,86.3,0.3069156991418475,3.46,5.244323609596419,229.2,2026-02-02,66.03333333333333,11.66367910211992,94.14375119185516,3,0,3,1
5245,602,,智晶,光電業,Unqualified,6,33.9,0.3082489146164977,2.6607584166666665,5.279520821895712,6.5,2026-02-02,25.9125,1.5457676510168161,50.79626414132923,3,3,0,1
3265,603,,台星科,半導體業,Unqualified,6,132.5,0.3087389189322665,3.5858768,4.711543372503395,115.6,2026-02-02,101.2425,8.475810425043889,94.07869007430219,2,1,3,1
2303,604,,聯電,電子工業,Unqualified,6,60.7,0.3148192439428333,2.762658395,5.310317749598787,219.5,2026-02-02,46.166041666666665,8.473026086042205,109.28062897241725,3,0,3,1
5291,605,,邑昇,電子零組件業,Unqualified,4,34.9,0.3257255007478575,1.6710615633333334,4.766324257983362,478.3333333333333,2026-02-02,26.32520833333333,4.280219731330291,104.22631801568572,2,0,2,1
6220,606,,岳豐,電子零組件業,Unqualified,4,29.05,0.3277597387139468,1.125804808,4.35153942793894,46.2,2026-02-02,21.878958333333337,1.9483970865328528,105.06855839626107,2,2,0,1
8390,607,,金益鼎,綠能環保類,Unqualified,7,94.0,0.3322546165338939,1.996,4.1877821495184016,38.4,2026-02-02,70.55708333333334,9.4526696369687,81.50595804458558,2,2,3,1
8112,608,,至上,電子通路業,Unqualified,6,76.2,0.3460618417081914,3.75717457,7.421016561863699,81.6,2026-02-02,56.60958333333333,4.414994929983413,131.76177191656515,3,1,2,1
4722,609,,國精化,化學生技醫療,Unqualified,5,151.0,0.3468488976019475,1.6992491539999999,4.070972400311742,132.4,2026-02-02,112.11354166666666,6.055025099892061,91.14452693004559,2,0,3,1
1780,610,,立弘,生技醫療業,Unqualified,4,25.7,0.34804939350890596,0.8699999999999999,4.979047236890174,227.8,2026-02-02,19.064583333333335,4.5427534104610405,152.3867607473405,2,0,2,1
2467,611,,志聖,電子零組件業,Unqualified,5,242.5,0.3598289699646023,3.42240756,4.702148184752314,213.6,2026-02-02,178.33125,10.613486331867138,77.49693098420094,2,0,3,1
6126,612,,信音,電子零組件業,Unqualified,4,36.9,0.36205292258476307,1.1541658399999999,4.435252637296742,35.4,2026-02-02,27.091458333333332,,18.488200631317742,2,2,0,1
6727,613,,亞泰金屬,電子零組件業,Unqualified,4,167.5,0.36378902658710094,2.894173544,4.104858059079405,123.2,2026-02-02,122.81958333333334,4.871933365959274,88.98342139287462,2,0,2,1
4958,614,,臻鼎-KY,電子零組件業,Unqualified,6,183.5,0.3788914389126669,4.715,4.228367800672319,73.8,2026-02-02,133.07791666666668,6.891504990862355,94.915482822395,2,1,3,1
3709,615,,鑫聯大投控,電腦及週邊設備業,Unqualified,5,60.2,0.38812960872384894,1.16,4.030470204744054,21.2,2026-02-02,43.36770833333333,2.9946035263991932,110.13113947541297,2,3,0,1
5347,616,,世界,半導體業,Unqualified,5,136.5,0.4069143225252309,4.299640618,4.3180301518499205,183.8,2026-02-02,97.02083333333333,12.362232515863203,88.85018430825056,2,0,3,1
2369,617,,菱生,半導體業,Unqualified,2,25.7,0.4122819068553371,0.79456324,4.6310407601478225,183.0,2026-02-02,18.1975,-0.6745530147093266,13.765701638767943,2,0,0,1
6257,618,,矽格,電子工業,Unqualified,8,125.5,0.4314024607576166,2.864670856,4.567680649944508,15.0,2026-02-02,87.67625000000001,8.019437660538452,93.65388831709485,2,3,3,1
8039,619,,台虹,電子零組件業,Unqualified,5,84.7,0.4474147966976043,2.0629785800000002,4.293225175768335,264.8,2026-02-02,58.518125000000005,5.287759635963681,98.22254534020887,2,0,3,1
3044,620,,健鼎,電子零組件業,Unqualified,6,390.5,0.4622387605607434,7.92,5.112272991835054,199.0,2026-02-02,267.05625,8.157457694810194,86.48501140201445,3,0,3,1
7709,621,,榮田,電機機械,Unqualified,5,59.0,0.47127583304759824,2.15,4.337945273018612,106.5,2026-02-02,40.10125,4.525370009078427,80.37651696674504,2,1,2,1
3481,622,,群創,電子工業,Unqualified,5,21.15,0.4748739703339969,0.7013746433333333,5.153808517077876,48.333333333333336,2026-02-02,14.340208333333331,0.014319602617984428,-7.952983647672951,3,2,0,1
8103,623,,瀚荃,電子工業,Unqualified,7,86.9,0.47600849256900224,1.898639666,4.438058694511001,22.6,2026-02-02,58.875,4.994607129199514,91.92692312228692,2,3,2,1
3028,624,,增你強,電子工業,Unqualified,3,50.6,0.4799198133039233,2.4246574080000003,7.353907833009463,163.4,2026-02-02,34.19104166666667,2.8581563292700944,126.56284368538206,3,0,0,1
4973,625,,廣穎,半導體業,Unqualified,5,46.55,0.48405951115834206,1.4,4.744221365787441,65.2,2026-02-02,31.366666666666667,3.730509188876676,58.604093130476635,2,1,2,1
4577,626,,達航科技,其他電子類,Unqualified,3,50.0,0.5270575509814527,1.517938,5.009482464339549,226.0,2026-02-02,32.74270833333333,-0.020072576952589072,60.032518842318666,3,0,0,1
8271,627,,宇瞻,電子工業,Unqualified,5,112.0,0.5575024335975522,2.66382628,4.81447169731509,158.6,2026-02-02,71.91000000000001,8.162981422325373,95.35867892678995,2,0,3,1
3711,628,,日月光投控,電子工業,Unqualified,5,292.0,0.6137054434926776,6.095810882,4.971042226071323,219.8,2026-02-02,180.95,5.958681108276472,93.21371077233769,2,0,3,1
6599,629,,普達系統,電腦及週邊設備業,Unqualified,4,63.4,0.6282852495505524,1.374,4.314498609855338,150.6,2026-02-02,38.93666666666666,4.032546507197907,94.31170084641099,2,0,2,1
8088,630,,品安,半導體業,Unqualified,5,60.2,0.6294308044525145,1.5399999999999998,4.888980261011183,137.2,2026-02-02,36.94541666666667,7.833827400077174,35.07682512161128,2,0,3,1
6239,631,,力成,電子工業,Unqualified,6,244.5,0.6825565224871328,6.56,5.5044216796983845,168.6,2026-02-02,145.31458333333333,7.549040509494488,93.68507970969739,3,0,3,1
8150,632,,南茂,電子工業,Unqualified,6,57.9,0.7100769756151587,2.365992522,5.5255810113232915,258.8,2026-02-02,33.858125,5.793328962298346,81.54233861013105,3,0,3,1
6274,633,,台燿,電子零組件業,Unqualified,5,495.0,0.7198448086165963,4.863532636,4.647324590297896,176.2,2026-02-02,287.81666666666666,8.848018360856816,97.1872139793619,2,0,3,1
6903,634,,巨漢,其他電子類,Unqualified,6,255.5,0.7669636579490313,11.756834040000001,6.027341174440374,505.0,2026-02-02,144.59833333333333,23.9101658118746,97.41621545840731,3,0,3,1
3264,635,,欣銓,半導體業,Unqualified,5,153.5,0.7965561131186635,2.860017872,4.399013336572646,219.4,2026-02-02,85.44125,8.313726369724167,98.99391399209743,2,0,3,1
1802,636,,台玻,玻璃陶瓷,Unqualified,2,44.95,0.8012572735697052,1.1600000000000001,4.856274469400371,887.5,2026-02-02,24.95479166666667,1.4562620527466987,11.394868179078568,2,0,0,1
2451,637,,創見,電子工業,Unqualified,6,240.0,0.8595761715975567,4.528093026,5.194378315220492,160.2,2026-02-02,129.06166666666667,9.578234617571256,78.20378720799513,3,0,3,1
2449,638,,京元電子,半導體業,Unqualified,7,285.0,0.8780734919811204,3.1,4.656005897415968,45.2,2026-02-02,151.75125,8.43474642787003,100.06490219731414,2,2,3,1
8074,639,,鉅橡,電子零組件業,Unqualified,5,59.1,0.9646653877319223,1.1,5.030326770174045,207.6,2026-02-02,30.081458333333334,3.966308818514975,91.5169173732067,3,0,2,1
8131,640,,福懋科,電子工業,Unqualified,6,71.1,1.0045226278229713,2.09,5.418907598027793,390.6,2026-02-02,35.469791666666666,7.044175920995704,86.93263670169327,3,0,3,1
5289,641,,宜鼎,電腦及週邊設備業,Unqualified,6,743.0,1.1245390696205926,10.315768492,4.15300520972092,91.8,2026-02-02,349.72291666666666,15.778774554140934,97.83402857753454,2,1,3,1
3485,642,,敘豐,光電業,Unqualified,6,176.0,1.1901897749662969,3.9810533999999995,6.924937010549529,164.2,2026-02-02,80.35833333333333,8.903311879350731,80.97592927352055,3,0,3,1
8021,643,,尖點,電子工業,Unqualified,5,190.0,1.2157326737965313,1.577371696,4.454137907564175,107.4,2026-02-02,85.75041666666668,3.9037247397609045,91.6883347154086,2,1,2,1
3260,644,,威剛,半導體業,Unqualified,4,331.0,1.3832524315534944,3.74814101,4.367687026672956,231.0,2026-02-02,138.88583333333332,3.8073203753831795,65.12588729518797,2,0,2,1
2337,645,,旺宏,電子工業,Unqualified,7,84.8,1.9495652173913043,1.3250496725,4.003641618180864,40.75,2026-02-02,28.75,6.450833852267133,55.89256654993933,2,2,3,1
5277,646,,葳天,光電業,Unqualified,5,9.0,,0.4,4.069175991861648,0.0,2025-07-23,,-5.684132790023556,15.723594827152416,2,3,0,1
2888,647,,新光金,金融保險,Unqualified,2,11.8,,0.400230635,4.237563442631767,215.0,2025-07-11,,0.017932262655977194,0.0,2,0,0,1
2809,648,,京城銀,金融保險,Unqualified,2,56.6,,2.0,4.3358424244343095,205.0,2025-09-17,,1.3191407111373354,0.0,2,0,0,1
7841,649,,經貿聯網,資訊服務業,Unqualified,7,30.0,,2.0,4.531645569620253,6.0,2026-02-02,,3.6201495656520644,75.94591943013268,2,3,2,1
7848,650,,騏億鑫,其他電子業,Unqualified,9,391.0,,16.5,5.238095238095238,1.0,2026-02-02,,12.374701494500682,102.2570619359334,3,3,3,1
6965,651,,中傑-KY,運動休閒,Unqualified,9,81.6,,6.0,5.911330049261084,21.0,2026-02-02,,8.756687366597937,82.44634027992224,3,3,3,1
6887,652,,寶綠特-KY,綠能環保,Unqualified,6,59.7,,3.96311412,5.016600151898734,,2026-02-02,,7.567155896881814,86.41282407509209,3,0,3,1
